"ContentType","Id","ArtKey","Source","Cell","Output"
"Item","CHERNOKAMENNAIA_SEKIRA","chernokamennaia_sekira","Предметы вне комплектов/Именные вещи открытого мира — поздний диапазон 30–40.png","0 (4x3)","web/elyndor-web/src/assets/items/imported/chernokamennaia_sekira.webp"
"Item","CHESHUICHATYI_PLASHCH_VASILISKA","cheshuichatyi_plashch_vasiliska","Предметы вне комплектов/Именные вещи открытого мира — средний диапазон 15–29.png","7 (5x4)","web/elyndor-web/src/assets/items/imported/cheshuichatyi_plashch_vasiliska.webp"
"Item","DOZORNYI_LUK_STAROGO_TRAKTA","dozornyi_luk_starogo_trakta","Предметы вне комплектов/Именные вещи открытого мира — ранний диапазон 1–16.png","10 (4x4)","web/elyndor-web/src/assets/items/imported/dozornyi_luk_starogo_trakta.webp"
"Item","FONAR_UTONUVSHEGO_PALOMNIKA","fonar_utonuvshego_palomnika","Предметы вне комплектов/Именные вещи открытого мира — средний диапазон 15–29.png","8 (5x4)","web/elyndor-web/src/assets/items/imported/fonar_utonuvshego_palomnika.webp"
"Item","KAPIUSHON_CHASHCHOBY","kapiushon_chashchoby","Предметы вне комплектов/Именные вещи открытого мира — ранний диапазон 1–16.png","7 (4x4)","web/elyndor-web/src/assets/items/imported/kapiushon_chashchoby.webp"
"Item","KAPIUSHON_TENEVOGO_BRAKONERA","kapiushon_tenevogo_brakonera","Предметы вне комплектов/Именные вещи открытого мира — средний диапазон 15–29.png","1 (5x4)","web/elyndor-web/src/assets/items/imported/kapiushon_tenevogo_brakonera.webp"
"Item","KIRASA_KAMNEGLOTA","kirasa_kamneglota","Предметы вне комплектов/Именные вещи открытого мира — ранний диапазон 1–16.png","14 (4x4)","web/elyndor-web/src/assets/items/imported/kirasa_kamneglota.webp"
"Item","KIRASA_MATIOROGO_VOZHAKA","kirasa_matiorogo_vozhaka","Предметы вне комплектов/Именные вещи открытого мира — средний диапазон 15–29.png","2 (5x4)","web/elyndor-web/src/assets/items/imported/kirasa_matiorogo_vozhaka.webp"
"Item","KLINOK_PEPELNOGO_RYTSARIA","klinok_pepelnogo_rytsaria","Предметы вне комплектов/Именные вещи открытого мира — поздний диапазон 30–40.png","8 (4x3)","web/elyndor-web/src/assets/items/imported/klinok_pepelnogo_rytsaria.webp"
"Item","KLINOK_PYLNOI_DOROGI","klinok_pylnoi_dorogi","Предметы вне комплектов/Именные вещи открытого мира — ранний диапазон 1–16.png","9 (4x4)","web/elyndor-web/src/assets/items/imported/klinok_pylnoi_dorogi.webp"
"Item","KLYK_MATERI_TOPEI","klyk_materi_topei","Предметы вне комплектов/Именные вещи открытого мира — средний диапазон 15–29.png","9 (5x4)","web/elyndor-web/src/assets/items/imported/klyk_materi_topei.webp"
"Item","KLYK_MATIOROGO_VOZHAKA","klyk_matiorogo_vozhaka","Предметы вне комплектов/Именные вещи открытого мира — ранний диапазон 1–16.png","0 (4x4)","web/elyndor-web/src/assets/items/imported/klyk_matiorogo_vozhaka.webp"
"Item","KOLTSO_KORNEVOI_ROSY","koltso_kornevoi_rosy","Предметы вне комплектов/Именные вещи открытого мира — ранний диапазон 1–16.png","5 (4x4)","web/elyndor-web/src/assets/items/imported/koltso_kornevoi_rosy.webp"
"Item","KOPIO_PALACHA_GRANITSY","kopio_palacha_granitsy","Предметы вне комплектов/Именные вещи открытого мира — средний диапазон 15–29.png","3 (5x4)","web/elyndor-web/src/assets/items/imported/kopio_palacha_granitsy.webp"
"Item","KORONA_CHUMNOGO_ZHRETSA","korona_chumnogo_zhretsa","Предметы вне комплектов/Именные вещи открытого мира — поздний диапазон 30–40.png","5 (4x3)","web/elyndor-web/src/assets/items/imported/korona_chumnogo_zhretsa.webp"
"Item","LUK_BASTIONNOGO_DOZORA","luk_bastionnogo_dozora","Предметы вне комплектов/Именные вещи открытого мира — поздний диапазон 30–40.png","9 (4x3)","web/elyndor-web/src/assets/items/imported/luk_bastionnogo_dozora.webp"
"Item","LUK_DVOINOGO_EKHA","luk_dvoinogo_ekha","Предметы вне комплектов/Именные вещи открытого мира — средний диапазон 15–29.png","15 (5x4)","web/elyndor-web/src/assets/items/imported/luk_dvoinogo_ekha.webp"
"Item","LUK_ZVONKOGO_KRYLA","luk_zvonkogo_kryla","Предметы вне комплектов/Именные вещи открытого мира — ранний диапазон 1–16.png","3 (4x4)","web/elyndor-web/src/assets/items/imported/luk_zvonkogo_kryla.webp"
"Item","MOLOT_KHOZIAINA_ZHIL","molot_khoziaina_zhil","Предметы вне комплектов/Именные вещи открытого мира — ранний диапазон 1–16.png","12 (4x4)","web/elyndor-web/src/assets/items/imported/molot_khoziaina_zhil.webp"
"Item","NARUCHI_GOBLINSKOGO_KAPKANSHCHIKA","naruchi_goblinskogo_kapkanshchika","Предметы вне комплектов/Именные вещи открытого мира — ранний диапазон 1–16.png","8 (4x4)","web/elyndor-web/src/assets/items/imported/naruchi_goblinskogo_kapkanshchika.webp"
"Item","OSKOLOCHNYI_ZHEZL","oskolochnyi_zhezl","Предметы вне комплектов/Именные вещи открытого мира — средний диапазон 15–29.png","12 (5x4)","web/elyndor-web/src/assets/items/imported/oskolochnyi_zhezl.webp"
"Item","PAUCHII_OBEREG","pauchii_obereg","Предметы вне комплектов/Именные вещи открытого мира — ранний диапазон 1–16.png","2 (4x4)","web/elyndor-web/src/assets/items/imported/pauchii_obereg.webp"
"Item","PECHAT_KHRANITELIA_RASKOLA","pechat_khranitelia_raskola","Предметы вне комплектов/Именные вещи открытого мира — средний диапазон 15–29.png","16 (5x4)","web/elyndor-web/src/assets/items/imported/pechat_khranitelia_raskola.webp"
"Item","PECHAT_PREDVESTNIKA","pechat_predvestnika","Предметы вне комплектов/Именные вещи открытого мира — поздний диапазон 30–40.png","11 (4x3)","web/elyndor-web/src/assets/items/imported/pechat_predvestnika.webp"
"Item","PEPELNYE_NAPLECHNIKI_DOZORNOGO","pepelnye_naplechniki_dozornogo","Предметы вне комплектов/Именные вещи открытого мира — средний диапазон 15–29.png","5 (5x4)","web/elyndor-web/src/assets/items/imported/pepelnye_naplechniki_dozornogo.webp"
"Item","PERCHATKI_TRAVNIKA","perchatki_travnika","Предметы вне комплектов/Именные вещи открытого мира — ранний диапазон 1–16.png","4 (4x4)","web/elyndor-web/src/assets/items/imported/perchatki_travnika.webp"
"Item","PLASHCH_BRODIACHEGO_NAIOMNIKA","plashch_brodiachego_naiomnika","Предметы вне комплектов/Именные вещи открытого мира — ранний диапазон 1–16.png","11 (4x4)","web/elyndor-web/src/assets/items/imported/plashch_brodiachego_naiomnika.webp"
"Item","PLASHCH_LESNOI_TROPY","plashch_lesnoi_tropy","Предметы вне комплектов/Именные вещи открытого мира — ранний диапазон 1–16.png","1 (4x4)","web/elyndor-web/src/assets/items/imported/plashch_lesnoi_tropy.webp"
"Item","POSOKH_LESNOI_VEDMY","posokh_lesnoi_vedmy","Предметы вне комплектов/Именные вещи открытого мира — средний диапазон 15–29.png","0 (5x4)","web/elyndor-web/src/assets/items/imported/posokh_lesnoi_vedmy.webp"
"Item","RUNNYI_FONAR_SHTREKA","runnyi_fonar_shtreka","Предметы вне комплектов/Именные вещи открытого мира — ранний диапазон 1–16.png","13 (4x4)","web/elyndor-web/src/assets/items/imported/runnyi_fonar_shtreka.webp"
"Item","RUNNYI_NAGRUDNIK_PEREVALA","runnyi_nagrudnik_perevala","Предметы вне комплектов/Именные вещи открытого мира — поздний диапазон 30–40.png","3 (4x3)","web/elyndor-web/src/assets/items/imported/runnyi_nagrudnik_perevala.webp"
"Item","SEKIRA_CHASHCHOBY","sekira_chashchoby","Предметы вне комплектов/Именные вещи открытого мира — ранний диапазон 1–16.png","6 (4x4)","web/elyndor-web/src/assets/items/imported/sekira_chashchoby.webp"
"Item","SET_BLACK_BASTION_ARCHER_BEAST_MASTERY_CHEST","set_black_bastion_archer_beast_mastery_chest","item set/Черный бастион/Регалии Хозяина Чёрной Гончей.png","2 (4x2)","web/elyndor-web/src/assets/items/sets/set_black_bastion_archer_beast_mastery_chest.webp"
"Item","SET_BLACK_BASTION_ARCHER_BEAST_MASTERY_FEET","set_black_bastion_archer_beast_mastery_feet","item set/Черный бастион/Регалии Хозяина Чёрной Гончей.png","7 (4x2)","web/elyndor-web/src/assets/items/sets/set_black_bastion_archer_beast_mastery_feet.webp"
"Item","SET_BLACK_BASTION_ARCHER_BEAST_MASTERY_HANDS","set_black_bastion_archer_beast_mastery_hands","item set/Черный бастион/Регалии Хозяина Чёрной Гончей.png","4 (4x2)","web/elyndor-web/src/assets/items/sets/set_black_bastion_archer_beast_mastery_hands.webp"
"Item","SET_BLACK_BASTION_ARCHER_BEAST_MASTERY_HEAD","set_black_bastion_archer_beast_mastery_head","item set/Черный бастион/Регалии Хозяина Чёрной Гончей.png","0 (4x2)","web/elyndor-web/src/assets/items/sets/set_black_bastion_archer_beast_mastery_head.webp"
"Item","SET_BLACK_BASTION_ARCHER_BEAST_MASTERY_LEGS","set_black_bastion_archer_beast_mastery_legs","item set/Черный бастион/Регалии Хозяина Чёрной Гончей.png","6 (4x2)","web/elyndor-web/src/assets/items/sets/set_black_bastion_archer_beast_mastery_legs.webp"
"Item","SET_BLACK_BASTION_ARCHER_BEAST_MASTERY_SHOULDERS","set_black_bastion_archer_beast_mastery_shoulders","item set/Черный бастион/Регалии Хозяина Чёрной Гончей.png","1 (4x2)","web/elyndor-web/src/assets/items/sets/set_black_bastion_archer_beast_mastery_shoulders.webp"
"Item","SET_BLACK_BASTION_ARCHER_BEAST_MASTERY_WAIST","set_black_bastion_archer_beast_mastery_waist","item set/Черный бастион/Регалии Хозяина Чёрной Гончей.png","5 (4x2)","web/elyndor-web/src/assets/items/sets/set_black_bastion_archer_beast_mastery_waist.webp"
"Item","SET_BLACK_BASTION_ARCHER_BEAST_MASTERY_WRIST","set_black_bastion_archer_beast_mastery_wrist","item set/Черный бастион/Регалии Хозяина Чёрной Гончей.png","3 (4x2)","web/elyndor-web/src/assets/items/sets/set_black_bastion_archer_beast_mastery_wrist.webp"
"Item","SET_BLACK_BASTION_ARCHER_MARKSMANSHIP_CHEST","set_black_bastion_archer_marksmanship_chest","item set/Черный бастион/Наследие Безмолвной Стрелы.png","2 (4x2)","web/elyndor-web/src/assets/items/sets/set_black_bastion_archer_marksmanship_chest.webp"
"Item","SET_BLACK_BASTION_ARCHER_MARKSMANSHIP_FEET","set_black_bastion_archer_marksmanship_feet","item set/Черный бастион/Наследие Безмолвной Стрелы.png","7 (4x2)","web/elyndor-web/src/assets/items/sets/set_black_bastion_archer_marksmanship_feet.webp"
"Item","SET_BLACK_BASTION_ARCHER_MARKSMANSHIP_HANDS","set_black_bastion_archer_marksmanship_hands","item set/Черный бастион/Наследие Безмолвной Стрелы.png","4 (4x2)","web/elyndor-web/src/assets/items/sets/set_black_bastion_archer_marksmanship_hands.webp"
"Item","SET_BLACK_BASTION_ARCHER_MARKSMANSHIP_HEAD","set_black_bastion_archer_marksmanship_head","item set/Черный бастион/Наследие Безмолвной Стрелы.png","0 (4x2)","web/elyndor-web/src/assets/items/sets/set_black_bastion_archer_marksmanship_head.webp"
"Item","SET_BLACK_BASTION_ARCHER_MARKSMANSHIP_LEGS","set_black_bastion_archer_marksmanship_legs","item set/Черный бастион/Наследие Безмолвной Стрелы.png","6 (4x2)","web/elyndor-web/src/assets/items/sets/set_black_bastion_archer_marksmanship_legs.webp"
"Item","SET_BLACK_BASTION_ARCHER_MARKSMANSHIP_SHOULDERS","set_black_bastion_archer_marksmanship_shoulders","item set/Черный бастион/Наследие Безмолвной Стрелы.png","1 (4x2)","web/elyndor-web/src/assets/items/sets/set_black_bastion_archer_marksmanship_shoulders.webp"
"Item","SET_BLACK_BASTION_ARCHER_MARKSMANSHIP_WAIST","set_black_bastion_archer_marksmanship_waist","item set/Черный бастион/Наследие Безмолвной Стрелы.png","5 (4x2)","web/elyndor-web/src/assets/items/sets/set_black_bastion_archer_marksmanship_waist.webp"
"Item","SET_BLACK_BASTION_ARCHER_MARKSMANSHIP_WRIST","set_black_bastion_archer_marksmanship_wrist","item set/Черный бастион/Наследие Безмолвной Стрелы.png","3 (4x2)","web/elyndor-web/src/assets/items/sets/set_black_bastion_archer_marksmanship_wrist.webp"
"Item","SET_BLACK_BASTION_ARCHER_SURVIVAL_CHEST","set_black_bastion_archer_survival_chest","item set/Черный бастион/Наследие Последнего Ловчего.png","2 (4x2)","web/elyndor-web/src/assets/items/sets/set_black_bastion_archer_survival_chest.webp"
"Item","SET_BLACK_BASTION_ARCHER_SURVIVAL_FEET","set_black_bastion_archer_survival_feet","item set/Черный бастион/Наследие Последнего Ловчего.png","7 (4x2)","web/elyndor-web/src/assets/items/sets/set_black_bastion_archer_survival_feet.webp"
"Item","SET_BLACK_BASTION_ARCHER_SURVIVAL_HANDS","set_black_bastion_archer_survival_hands","item set/Черный бастион/Наследие Последнего Ловчего.png","4 (4x2)","web/elyndor-web/src/assets/items/sets/set_black_bastion_archer_survival_hands.webp"
"Item","SET_BLACK_BASTION_ARCHER_SURVIVAL_HEAD","set_black_bastion_archer_survival_head","item set/Черный бастион/Наследие Последнего Ловчего.png","0 (4x2)","web/elyndor-web/src/assets/items/sets/set_black_bastion_archer_survival_head.webp"
"Item","SET_BLACK_BASTION_ARCHER_SURVIVAL_LEGS","set_black_bastion_archer_survival_legs","item set/Черный бастион/Наследие Последнего Ловчего.png","6 (4x2)","web/elyndor-web/src/assets/items/sets/set_black_bastion_archer_survival_legs.webp"
"Item","SET_BLACK_BASTION_ARCHER_SURVIVAL_SHOULDERS","set_black_bastion_archer_survival_shoulders","item set/Черный бастион/Наследие Последнего Ловчего.png","1 (4x2)","web/elyndor-web/src/assets/items/sets/set_black_bastion_archer_survival_shoulders.webp"
"Item","SET_BLACK_BASTION_ARCHER_SURVIVAL_WAIST","set_black_bastion_archer_survival_waist","item set/Черный бастион/Наследие Последнего Ловчего.png","5 (4x2)","web/elyndor-web/src/assets/items/sets/set_black_bastion_archer_survival_waist.webp"
"Item","SET_BLACK_BASTION_ARCHER_SURVIVAL_WRIST","set_black_bastion_archer_survival_wrist","item set/Черный бастион/Наследие Последнего Ловчего.png","3 (4x2)","web/elyndor-web/src/assets/items/sets/set_black_bastion_archer_survival_wrist.webp"
"Item","SET_BLACK_BASTION_MAGE_ARCANE_CHEST","set_black_bastion_mage_arcane_chest","item set/Черный бастион/Одеяния Затмённого Оракула.png","2 (4x2)","web/elyndor-web/src/assets/items/sets/set_black_bastion_mage_arcane_chest.webp"
"Item","SET_BLACK_BASTION_MAGE_ARCANE_FEET","set_black_bastion_mage_arcane_feet","item set/Черный бастион/Одеяния Затмённого Оракула.png","7 (4x2)","web/elyndor-web/src/assets/items/sets/set_black_bastion_mage_arcane_feet.webp"
"Item","SET_BLACK_BASTION_MAGE_ARCANE_HANDS","set_black_bastion_mage_arcane_hands","item set/Черный бастион/Одеяния Затмённого Оракула.png","4 (4x2)","web/elyndor-web/src/assets/items/sets/set_black_bastion_mage_arcane_hands.webp"
"Item","SET_BLACK_BASTION_MAGE_ARCANE_HEAD","set_black_bastion_mage_arcane_head","item set/Черный бастион/Одеяния Затмённого Оракула.png","0 (4x2)","web/elyndor-web/src/assets/items/sets/set_black_bastion_mage_arcane_head.webp"
"Item","SET_BLACK_BASTION_MAGE_ARCANE_LEGS","set_black_bastion_mage_arcane_legs","item set/Черный бастион/Одеяния Затмённого Оракула.png","6 (4x2)","web/elyndor-web/src/assets/items/sets/set_black_bastion_mage_arcane_legs.webp"
"Item","SET_BLACK_BASTION_MAGE_ARCANE_SHOULDERS","set_black_bastion_mage_arcane_shoulders","item set/Черный бастион/Одеяния Затмённого Оракула.png","1 (4x2)","web/elyndor-web/src/assets/items/sets/set_black_bastion_mage_arcane_shoulders.webp"
"Item","SET_BLACK_BASTION_MAGE_ARCANE_WAIST","set_black_bastion_mage_arcane_waist","item set/Черный бастион/Одеяния Затмённого Оракула.png","5 (4x2)","web/elyndor-web/src/assets/items/sets/set_black_bastion_mage_arcane_waist.webp"
"Item","SET_BLACK_BASTION_MAGE_ARCANE_WRIST","set_black_bastion_mage_arcane_wrist","item set/Черный бастион/Одеяния Затмённого Оракула.png","3 (4x2)","web/elyndor-web/src/assets/items/sets/set_black_bastion_mage_arcane_wrist.webp"
"Item","SET_BLACK_BASTION_MAGE_FIRE_CHEST","set_black_bastion_mage_fire_chest","item set/Черный бастион/Одеяния Пепельной Звезды.png","2 (4x2)","web/elyndor-web/src/assets/items/sets/set_black_bastion_mage_fire_chest.webp"
"Item","SET_BLACK_BASTION_MAGE_FIRE_FEET","set_black_bastion_mage_fire_feet","item set/Черный бастион/Одеяния Пепельной Звезды.png","7 (4x2)","web/elyndor-web/src/assets/items/sets/set_black_bastion_mage_fire_feet.webp"
"Item","SET_BLACK_BASTION_MAGE_FIRE_HANDS","set_black_bastion_mage_fire_hands","item set/Черный бастион/Одеяния Пепельной Звезды.png","4 (4x2)","web/elyndor-web/src/assets/items/sets/set_black_bastion_mage_fire_hands.webp"
"Item","SET_BLACK_BASTION_MAGE_FIRE_HEAD","set_black_bastion_mage_fire_head","item set/Черный бастион/Одеяния Пепельной Звезды.png","0 (4x2)","web/elyndor-web/src/assets/items/sets/set_black_bastion_mage_fire_head.webp"
"Item","SET_BLACK_BASTION_MAGE_FIRE_LEGS","set_black_bastion_mage_fire_legs","item set/Черный бастион/Одеяния Пепельной Звезды.png","6 (4x2)","web/elyndor-web/src/assets/items/sets/set_black_bastion_mage_fire_legs.webp"
"Item","SET_BLACK_BASTION_MAGE_FIRE_SHOULDERS","set_black_bastion_mage_fire_shoulders","item set/Черный бастион/Одеяния Пепельной Звезды.png","1 (4x2)","web/elyndor-web/src/assets/items/sets/set_black_bastion_mage_fire_shoulders.webp"
"Item","SET_BLACK_BASTION_MAGE_FIRE_WAIST","set_black_bastion_mage_fire_waist","item set/Черный бастион/Одеяния Пепельной Звезды.png","5 (4x2)","web/elyndor-web/src/assets/items/sets/set_black_bastion_mage_fire_waist.webp"
"Item","SET_BLACK_BASTION_MAGE_FIRE_WRIST","set_black_bastion_mage_fire_wrist","item set/Черный бастион/Одеяния Пепельной Звезды.png","3 (4x2)","web/elyndor-web/src/assets/items/sets/set_black_bastion_mage_fire_wrist.webp"
"Item","SET_BLACK_BASTION_MAGE_FROST_CHEST","set_black_bastion_mage_frost_chest","item set/Черный бастион/Покров Безмолвного Инея.png","2 (4x2)","web/elyndor-web/src/assets/items/sets/set_black_bastion_mage_frost_chest.webp"
"Item","SET_BLACK_BASTION_MAGE_FROST_FEET","set_black_bastion_mage_frost_feet","item set/Черный бастион/Покров Безмолвного Инея.png","7 (4x2)","web/elyndor-web/src/assets/items/sets/set_black_bastion_mage_frost_feet.webp"
"Item","SET_BLACK_BASTION_MAGE_FROST_HANDS","set_black_bastion_mage_frost_hands","item set/Черный бастион/Покров Безмолвного Инея.png","4 (4x2)","web/elyndor-web/src/assets/items/sets/set_black_bastion_mage_frost_hands.webp"
"Item","SET_BLACK_BASTION_MAGE_FROST_HEAD","set_black_bastion_mage_frost_head","item set/Черный бастион/Покров Безмолвного Инея.png","0 (4x2)","web/elyndor-web/src/assets/items/sets/set_black_bastion_mage_frost_head.webp"
"Item","SET_BLACK_BASTION_MAGE_FROST_LEGS","set_black_bastion_mage_frost_legs","item set/Черный бастион/Покров Безмолвного Инея.png","6 (4x2)","web/elyndor-web/src/assets/items/sets/set_black_bastion_mage_frost_legs.webp"
"Item","SET_BLACK_BASTION_MAGE_FROST_SHOULDERS","set_black_bastion_mage_frost_shoulders","item set/Черный бастион/Покров Безмолвного Инея.png","1 (4x2)","web/elyndor-web/src/assets/items/sets/set_black_bastion_mage_frost_shoulders.webp"
"Item","SET_BLACK_BASTION_MAGE_FROST_WAIST","set_black_bastion_mage_frost_waist","item set/Черный бастион/Покров Безмолвного Инея.png","5 (4x2)","web/elyndor-web/src/assets/items/sets/set_black_bastion_mage_frost_waist.webp"
"Item","SET_BLACK_BASTION_MAGE_FROST_WRIST","set_black_bastion_mage_frost_wrist","item set/Черный бастион/Покров Безмолвного Инея.png","3 (4x2)","web/elyndor-web/src/assets/items/sets/set_black_bastion_mage_frost_wrist.webp"
"Item","SET_BLACK_BASTION_PALADIN_HOLY_CHEST","set_black_bastion_paladin_holy_chest","item set/Черный бастион/Регалии Последнего Рассвета.png","2 (4x2)","web/elyndor-web/src/assets/items/sets/set_black_bastion_paladin_holy_chest.webp"
"Item","SET_BLACK_BASTION_PALADIN_HOLY_FEET","set_black_bastion_paladin_holy_feet","item set/Черный бастион/Регалии Последнего Рассвета.png","7 (4x2)","web/elyndor-web/src/assets/items/sets/set_black_bastion_paladin_holy_feet.webp"
"Item","SET_BLACK_BASTION_PALADIN_HOLY_HANDS","set_black_bastion_paladin_holy_hands","item set/Черный бастион/Регалии Последнего Рассвета.png","4 (4x2)","web/elyndor-web/src/assets/items/sets/set_black_bastion_paladin_holy_hands.webp"
"Item","SET_BLACK_BASTION_PALADIN_HOLY_HEAD","set_black_bastion_paladin_holy_head","item set/Черный бастион/Регалии Последнего Рассвета.png","0 (4x2)","web/elyndor-web/src/assets/items/sets/set_black_bastion_paladin_holy_head.webp"
"Item","SET_BLACK_BASTION_PALADIN_HOLY_LEGS","set_black_bastion_paladin_holy_legs","item set/Черный бастион/Регалии Последнего Рассвета.png","6 (4x2)","web/elyndor-web/src/assets/items/sets/set_black_bastion_paladin_holy_legs.webp"
"Item","SET_BLACK_BASTION_PALADIN_HOLY_SHOULDERS","set_black_bastion_paladin_holy_shoulders","item set/Черный бастион/Регалии Последнего Рассвета.png","1 (4x2)","web/elyndor-web/src/assets/items/sets/set_black_bastion_paladin_holy_shoulders.webp"
"Item","SET_BLACK_BASTION_PALADIN_HOLY_WAIST","set_black_bastion_paladin_holy_waist","item set/Черный бастион/Регалии Последнего Рассвета.png","5 (4x2)","web/elyndor-web/src/assets/items/sets/set_black_bastion_paladin_holy_waist.webp"
"Item","SET_BLACK_BASTION_PALADIN_HOLY_WRIST","set_black_bastion_paladin_holy_wrist","item set/Черный бастион/Регалии Последнего Рассвета.png","3 (4x2)","web/elyndor-web/src/assets/items/sets/set_black_bastion_paladin_holy_wrist.webp"
"Item","SET_BLACK_BASTION_PALADIN_PROTECTION_CHEST","set_black_bastion_paladin_protection_chest","item set/Черный бастион/Оплот Первого Стража.png","2 (4x2)","web/elyndor-web/src/assets/items/sets/set_black_bastion_paladin_protection_chest.webp"
"Item","SET_BLACK_BASTION_PALADIN_PROTECTION_FEET","set_black_bastion_paladin_protection_feet","item set/Черный бастион/Оплот Первого Стража.png","7 (4x2)","web/elyndor-web/src/assets/items/sets/set_black_bastion_paladin_protection_feet.webp"
"Item","SET_BLACK_BASTION_PALADIN_PROTECTION_HANDS","set_black_bastion_paladin_protection_hands","item set/Черный бастион/Оплот Первого Стража.png","4 (4x2)","web/elyndor-web/src/assets/items/sets/set_black_bastion_paladin_protection_hands.webp"
"Item","SET_BLACK_BASTION_PALADIN_PROTECTION_HEAD","set_black_bastion_paladin_protection_head","item set/Черный бастион/Оплот Первого Стража.png","0 (4x2)","web/elyndor-web/src/assets/items/sets/set_black_bastion_paladin_protection_head.webp"
"Item","SET_BLACK_BASTION_PALADIN_PROTECTION_LEGS","set_black_bastion_paladin_protection_legs","item set/Черный бастион/Оплот Первого Стража.png","6 (4x2)","web/elyndor-web/src/assets/items/sets/set_black_bastion_paladin_protection_legs.webp"
"Item","SET_BLACK_BASTION_PALADIN_PROTECTION_SHOULDERS","set_black_bastion_paladin_protection_shoulders","item set/Черный бастион/Оплот Первого Стража.png","1 (4x2)","web/elyndor-web/src/assets/items/sets/set_black_bastion_paladin_protection_shoulders.webp"
"Item","SET_BLACK_BASTION_PALADIN_PROTECTION_WAIST","set_black_bastion_paladin_protection_waist","item set/Черный бастион/Оплот Первого Стража.png","5 (4x2)","web/elyndor-web/src/assets/items/sets/set_black_bastion_paladin_protection_waist.webp"
"Item","SET_BLACK_BASTION_PALADIN_PROTECTION_WRIST","set_black_bastion_paladin_protection_wrist","item set/Черный бастион/Оплот Первого Стража.png","3 (4x2)","web/elyndor-web/src/assets/items/sets/set_black_bastion_paladin_protection_wrist.webp"
"Item","SET_BLACK_BASTION_PALADIN_RETRIBUTION_CHEST","set_black_bastion_paladin_retribution_chest","item set/Черный бастион/Латы Последнего Суда.png","2 (4x2)","web/elyndor-web/src/assets/items/sets/set_black_bastion_paladin_retribution_chest.webp"
"Item","SET_BLACK_BASTION_PALADIN_RETRIBUTION_FEET","set_black_bastion_paladin_retribution_feet","item set/Черный бастион/Латы Последнего Суда.png","7 (4x2)","web/elyndor-web/src/assets/items/sets/set_black_bastion_paladin_retribution_feet.webp"
"Item","SET_BLACK_BASTION_PALADIN_RETRIBUTION_HANDS","set_black_bastion_paladin_retribution_hands","item set/Черный бастион/Латы Последнего Суда.png","4 (4x2)","web/elyndor-web/src/assets/items/sets/set_black_bastion_paladin_retribution_hands.webp"
"Item","SET_BLACK_BASTION_PALADIN_RETRIBUTION_HEAD","set_black_bastion_paladin_retribution_head","item set/Черный бастион/Латы Последнего Суда.png","0 (4x2)","web/elyndor-web/src/assets/items/sets/set_black_bastion_paladin_retribution_head.webp"
"Item","SET_BLACK_BASTION_PALADIN_RETRIBUTION_LEGS","set_black_bastion_paladin_retribution_legs","item set/Черный бастион/Латы Последнего Суда.png","6 (4x2)","web/elyndor-web/src/assets/items/sets/set_black_bastion_paladin_retribution_legs.webp"
"Item","SET_BLACK_BASTION_PALADIN_RETRIBUTION_SHOULDERS","set_black_bastion_paladin_retribution_shoulders","item set/Черный бастион/Латы Последнего Суда.png","1 (4x2)","web/elyndor-web/src/assets/items/sets/set_black_bastion_paladin_retribution_shoulders.webp"
"Item","SET_BLACK_BASTION_PALADIN_RETRIBUTION_WAIST","set_black_bastion_paladin_retribution_waist","item set/Черный бастион/Латы Последнего Суда.png","5 (4x2)","web/elyndor-web/src/assets/items/sets/set_black_bastion_paladin_retribution_waist.webp"
"Item","SET_BLACK_BASTION_PALADIN_RETRIBUTION_WRIST","set_black_bastion_paladin_retribution_wrist","item set/Черный бастион/Латы Последнего Суда.png","3 (4x2)","web/elyndor-web/src/assets/items/sets/set_black_bastion_paladin_retribution_wrist.webp"
"Item","SET_BLACK_BASTION_WARRIOR_BERSERKER_CHEST","set_black_bastion_warrior_berserker_chest","item set/Черный бастион/Наследие Багрового Крушителя.png","2 (4x2)","web/elyndor-web/src/assets/items/sets/set_black_bastion_warrior_berserker_chest.webp"
"Item","SET_BLACK_BASTION_WARRIOR_BERSERKER_FEET","set_black_bastion_warrior_berserker_feet","item set/Черный бастион/Наследие Багрового Крушителя.png","7 (4x2)","web/elyndor-web/src/assets/items/sets/set_black_bastion_warrior_berserker_feet.webp"
"Item","SET_BLACK_BASTION_WARRIOR_BERSERKER_HANDS","set_black_bastion_warrior_berserker_hands","item set/Черный бастион/Наследие Багрового Крушителя.png","4 (4x2)","web/elyndor-web/src/assets/items/sets/set_black_bastion_warrior_berserker_hands.webp"
"Item","SET_BLACK_BASTION_WARRIOR_BERSERKER_HEAD","set_black_bastion_warrior_berserker_head","item set/Черный бастион/Наследие Багрового Крушителя.png","0 (4x2)","web/elyndor-web/src/assets/items/sets/set_black_bastion_warrior_berserker_head.webp"
"Item","SET_BLACK_BASTION_WARRIOR_BERSERKER_LEGS","set_black_bastion_warrior_berserker_legs","item set/Черный бастион/Наследие Багрового Крушителя.png","6 (4x2)","web/elyndor-web/src/assets/items/sets/set_black_bastion_warrior_berserker_legs.webp"
"Item","SET_BLACK_BASTION_WARRIOR_BERSERKER_SHOULDERS","set_black_bastion_warrior_berserker_shoulders","item set/Черный бастион/Наследие Багрового Крушителя.png","1 (4x2)","web/elyndor-web/src/assets/items/sets/set_black_bastion_warrior_berserker_shoulders.webp"
"Item","SET_BLACK_BASTION_WARRIOR_BERSERKER_WAIST","set_black_bastion_warrior_berserker_waist","item set/Черный бастион/Наследие Багрового Крушителя.png","5 (4x2)","web/elyndor-web/src/assets/items/sets/set_black_bastion_warrior_berserker_waist.webp"
"Item","SET_BLACK_BASTION_WARRIOR_BERSERKER_WRIST","set_black_bastion_warrior_berserker_wrist","item set/Черный бастион/Наследие Багрового Крушителя.png","3 (4x2)","web/elyndor-web/src/assets/items/sets/set_black_bastion_warrior_berserker_wrist.webp"
"Item","SET_BLACK_BASTION_WARRIOR_GUARDIAN_CHEST","set_black_bastion_warrior_guardian_chest","item set/Черный бастион/Доспехи Чёрного Бастиона.png","2 (4x2)","web/elyndor-web/src/assets/items/sets/set_black_bastion_warrior_guardian_chest.webp"
"Item","SET_BLACK_BASTION_WARRIOR_GUARDIAN_FEET","set_black_bastion_warrior_guardian_feet","item set/Черный бастион/Доспехи Чёрного Бастиона.png","7 (4x2)","web/elyndor-web/src/assets/items/sets/set_black_bastion_warrior_guardian_feet.webp"
"Item","SET_BLACK_BASTION_WARRIOR_GUARDIAN_HANDS","set_black_bastion_warrior_guardian_hands","item set/Черный бастион/Доспехи Чёрного Бастиона.png","4 (4x2)","web/elyndor-web/src/assets/items/sets/set_black_bastion_warrior_guardian_hands.webp"
"Item","SET_BLACK_BASTION_WARRIOR_GUARDIAN_HEAD","set_black_bastion_warrior_guardian_head","item set/Черный бастион/Доспехи Чёрного Бастиона.png","0 (4x2)","web/elyndor-web/src/assets/items/sets/set_black_bastion_warrior_guardian_head.webp"
"Item","SET_BLACK_BASTION_WARRIOR_GUARDIAN_LEGS","set_black_bastion_warrior_guardian_legs","item set/Черный бастион/Доспехи Чёрного Бастиона.png","6 (4x2)","web/elyndor-web/src/assets/items/sets/set_black_bastion_warrior_guardian_legs.webp"
"Item","SET_BLACK_BASTION_WARRIOR_GUARDIAN_SHOULDERS","set_black_bastion_warrior_guardian_shoulders","item set/Черный бастион/Доспехи Чёрного Бастиона.png","1 (4x2)","web/elyndor-web/src/assets/items/sets/set_black_bastion_warrior_guardian_shoulders.webp"
"Item","SET_BLACK_BASTION_WARRIOR_GUARDIAN_WAIST","set_black_bastion_warrior_guardian_waist","item set/Черный бастион/Доспехи Чёрного Бастиона.png","5 (4x2)","web/elyndor-web/src/assets/items/sets/set_black_bastion_warrior_guardian_waist.webp"
"Item","SET_BLACK_BASTION_WARRIOR_GUARDIAN_WRIST","set_black_bastion_warrior_guardian_wrist","item set/Черный бастион/Доспехи Чёрного Бастиона.png","3 (4x2)","web/elyndor-web/src/assets/items/sets/set_black_bastion_warrior_guardian_wrist.webp"
"Item","SET_BLACK_BASTION_WARRIOR_WARLORD_CHEST","set_black_bastion_warrior_warlord_chest","item set/Черный бастион/Регалии Пепельного Маршала.png","2 (4x2)","web/elyndor-web/src/assets/items/sets/set_black_bastion_warrior_warlord_chest.webp"
"Item","SET_BLACK_BASTION_WARRIOR_WARLORD_FEET","set_black_bastion_warrior_warlord_feet","item set/Черный бастион/Регалии Пепельного Маршала.png","7 (4x2)","web/elyndor-web/src/assets/items/sets/set_black_bastion_warrior_warlord_feet.webp"
"Item","SET_BLACK_BASTION_WARRIOR_WARLORD_HANDS","set_black_bastion_warrior_warlord_hands","item set/Черный бастион/Регалии Пепельного Маршала.png","4 (4x2)","web/elyndor-web/src/assets/items/sets/set_black_bastion_warrior_warlord_hands.webp"
"Item","SET_BLACK_BASTION_WARRIOR_WARLORD_HEAD","set_black_bastion_warrior_warlord_head","item set/Черный бастион/Регалии Пепельного Маршала.png","0 (4x2)","web/elyndor-web/src/assets/items/sets/set_black_bastion_warrior_warlord_head.webp"
"Item","SET_BLACK_BASTION_WARRIOR_WARLORD_LEGS","set_black_bastion_warrior_warlord_legs","item set/Черный бастион/Регалии Пепельного Маршала.png","6 (4x2)","web/elyndor-web/src/assets/items/sets/set_black_bastion_warrior_warlord_legs.webp"
"Item","SET_BLACK_BASTION_WARRIOR_WARLORD_SHOULDERS","set_black_bastion_warrior_warlord_shoulders","item set/Черный бастион/Регалии Пепельного Маршала.png","1 (4x2)","web/elyndor-web/src/assets/items/sets/set_black_bastion_warrior_warlord_shoulders.webp"
"Item","SET_BLACK_BASTION_WARRIOR_WARLORD_WAIST","set_black_bastion_warrior_warlord_waist","item set/Черный бастион/Регалии Пепельного Маршала.png","5 (4x2)","web/elyndor-web/src/assets/items/sets/set_black_bastion_warrior_warlord_waist.webp"
"Item","SET_BLACK_BASTION_WARRIOR_WARLORD_WRIST","set_black_bastion_warrior_warlord_wrist","item set/Черный бастион/Регалии Пепельного Маршала.png","3 (4x2)","web/elyndor-web/src/assets/items/sets/set_black_bastion_warrior_warlord_wrist.webp"
"Item","SET_HEART_OF_BLIGHTED_GROVE_ARCHER_BEAST_MASTERY_CHEST","set_heart_of_blighted_grove_archer_beast_mastery_chest","item set/Сердце Осквернённой Чащи/Шкуры Вожака Чащи.png","2 (3x2)","web/elyndor-web/src/assets/items/sets/set_heart_of_blighted_grove_archer_beast_mastery_chest.webp"
"Item","SET_HEART_OF_BLIGHTED_GROVE_ARCHER_BEAST_MASTERY_FEET","set_heart_of_blighted_grove_archer_beast_mastery_feet","item set/Сердце Осквернённой Чащи/Шкуры Вожака Чащи.png","5 (3x2)","web/elyndor-web/src/assets/items/sets/set_heart_of_blighted_grove_archer_beast_mastery_feet.webp"
"Item","SET_HEART_OF_BLIGHTED_GROVE_ARCHER_BEAST_MASTERY_HANDS","set_heart_of_blighted_grove_archer_beast_mastery_hands","item set/Сердце Осквернённой Чащи/Шкуры Вожака Чащи.png","3 (3x2)","web/elyndor-web/src/assets/items/sets/set_heart_of_blighted_grove_archer_beast_mastery_hands.webp"
"Item","SET_HEART_OF_BLIGHTED_GROVE_ARCHER_BEAST_MASTERY_HEAD","set_heart_of_blighted_grove_archer_beast_mastery_head","item set/Сердце Осквернённой Чащи/Шкуры Вожака Чащи.png","0 (3x2)","web/elyndor-web/src/assets/items/sets/set_heart_of_blighted_grove_archer_beast_mastery_head.webp"
"Item","SET_HEART_OF_BLIGHTED_GROVE_ARCHER_BEAST_MASTERY_LEGS","set_heart_of_blighted_grove_archer_beast_mastery_legs","item set/Сердце Осквернённой Чащи/Шкуры Вожака Чащи.png","4 (3x2)","web/elyndor-web/src/assets/items/sets/set_heart_of_blighted_grove_archer_beast_mastery_legs.webp"
"Item","SET_HEART_OF_BLIGHTED_GROVE_ARCHER_BEAST_MASTERY_SHOULDERS","set_heart_of_blighted_grove_archer_beast_mastery_shoulders","item set/Сердце Осквернённой Чащи/Шкуры Вожака Чащи.png","1 (3x2)","web/elyndor-web/src/assets/items/sets/set_heart_of_blighted_grove_archer_beast_mastery_shoulders.webp"
"Item","SET_HEART_OF_BLIGHTED_GROVE_ARCHER_MARKSMANSHIP_CHEST","set_heart_of_blighted_grove_archer_marksmanship_chest","item set/Сердце Осквернённой Чащи/Клятва Дикого Следа.png","2 (3x2)","web/elyndor-web/src/assets/items/sets/set_heart_of_blighted_grove_archer_marksmanship_chest.webp"
"Item","SET_HEART_OF_BLIGHTED_GROVE_ARCHER_MARKSMANSHIP_FEET","set_heart_of_blighted_grove_archer_marksmanship_feet","item set/Сердце Осквернённой Чащи/Клятва Дикого Следа.png","5 (3x2)","web/elyndor-web/src/assets/items/sets/set_heart_of_blighted_grove_archer_marksmanship_feet.webp"
"Item","SET_HEART_OF_BLIGHTED_GROVE_ARCHER_MARKSMANSHIP_HANDS","set_heart_of_blighted_grove_archer_marksmanship_hands","item set/Сердце Осквернённой Чащи/Клятва Дикого Следа.png","3 (3x2)","web/elyndor-web/src/assets/items/sets/set_heart_of_blighted_grove_archer_marksmanship_hands.webp"
"Item","SET_HEART_OF_BLIGHTED_GROVE_ARCHER_MARKSMANSHIP_HEAD","set_heart_of_blighted_grove_archer_marksmanship_head","item set/Сердце Осквернённой Чащи/Клятва Дикого Следа.png","0 (3x2)","web/elyndor-web/src/assets/items/sets/set_heart_of_blighted_grove_archer_marksmanship_head.webp"
"Item","SET_HEART_OF_BLIGHTED_GROVE_ARCHER_MARKSMANSHIP_LEGS","set_heart_of_blighted_grove_archer_marksmanship_legs","item set/Сердце Осквернённой Чащи/Клятва Дикого Следа.png","4 (3x2)","web/elyndor-web/src/assets/items/sets/set_heart_of_blighted_grove_archer_marksmanship_legs.webp"
"Item","SET_HEART_OF_BLIGHTED_GROVE_ARCHER_MARKSMANSHIP_SHOULDERS","set_heart_of_blighted_grove_archer_marksmanship_shoulders","item set/Сердце Осквернённой Чащи/Клятва Дикого Следа.png","1 (3x2)","web/elyndor-web/src/assets/items/sets/set_heart_of_blighted_grove_archer_marksmanship_shoulders.webp"
"Item","SET_HEART_OF_BLIGHTED_GROVE_ARCHER_SURVIVAL_CHEST","set_heart_of_blighted_grove_archer_survival_chest","item set/Сердце Осквернённой Чащи/Шкуры Ядовитого Следа.png","2 (3x2)","web/elyndor-web/src/assets/items/sets/set_heart_of_blighted_grove_archer_survival_chest.webp"
"Item","SET_HEART_OF_BLIGHTED_GROVE_ARCHER_SURVIVAL_FEET","set_heart_of_blighted_grove_archer_survival_feet","item set/Сердце Осквернённой Чащи/Шкуры Ядовитого Следа.png","5 (3x2)","web/elyndor-web/src/assets/items/sets/set_heart_of_blighted_grove_archer_survival_feet.webp"
"Item","SET_HEART_OF_BLIGHTED_GROVE_ARCHER_SURVIVAL_HANDS","set_heart_of_blighted_grove_archer_survival_hands","item set/Сердце Осквернённой Чащи/Шкуры Ядовитого Следа.png","3 (3x2)","web/elyndor-web/src/assets/items/sets/set_heart_of_blighted_grove_archer_survival_hands.webp"
"Item","SET_HEART_OF_BLIGHTED_GROVE_ARCHER_SURVIVAL_HEAD","set_heart_of_blighted_grove_archer_survival_head","item set/Сердце Осквернённой Чащи/Шкуры Ядовитого Следа.png","0 (3x2)","web/elyndor-web/src/assets/items/sets/set_heart_of_blighted_grove_archer_survival_head.webp"
"Item","SET_HEART_OF_BLIGHTED_GROVE_ARCHER_SURVIVAL_LEGS","set_heart_of_blighted_grove_archer_survival_legs","item set/Сердце Осквернённой Чащи/Шкуры Ядовитого Следа.png","4 (3x2)","web/elyndor-web/src/assets/items/sets/set_heart_of_blighted_grove_archer_survival_legs.webp"
"Item","SET_HEART_OF_BLIGHTED_GROVE_ARCHER_SURVIVAL_SHOULDERS","set_heart_of_blighted_grove_archer_survival_shoulders","item set/Сердце Осквернённой Чащи/Шкуры Ядовитого Следа.png","1 (3x2)","web/elyndor-web/src/assets/items/sets/set_heart_of_blighted_grove_archer_survival_shoulders.webp"
"Item","SET_HEART_OF_BLIGHTED_GROVE_MAGE_ARCANE_CHEST","set_heart_of_blighted_grove_mage_arcane_chest","item set/Сердце Осквернённой Чащи/Ризы Корневого Резонанса.png","2 (3x2)","web/elyndor-web/src/assets/items/sets/set_heart_of_blighted_grove_mage_arcane_chest.webp"
"Item","SET_HEART_OF_BLIGHTED_GROVE_MAGE_ARCANE_FEET","set_heart_of_blighted_grove_mage_arcane_feet","item set/Сердце Осквернённой Чащи/Ризы Корневого Резонанса.png","5 (3x2)","web/elyndor-web/src/assets/items/sets/set_heart_of_blighted_grove_mage_arcane_feet.webp"
"Item","SET_HEART_OF_BLIGHTED_GROVE_MAGE_ARCANE_HANDS","set_heart_of_blighted_grove_mage_arcane_hands","item set/Сердце Осквернённой Чащи/Ризы Корневого Резонанса.png","3 (3x2)","web/elyndor-web/src/assets/items/sets/set_heart_of_blighted_grove_mage_arcane_hands.webp"
"Item","SET_HEART_OF_BLIGHTED_GROVE_MAGE_ARCANE_HEAD","set_heart_of_blighted_grove_mage_arcane_head","item set/Сердце Осквернённой Чащи/Ризы Корневого Резонанса.png","0 (3x2)","web/elyndor-web/src/assets/items/sets/set_heart_of_blighted_grove_mage_arcane_head.webp"
"Item","SET_HEART_OF_BLIGHTED_GROVE_MAGE_ARCANE_LEGS","set_heart_of_blighted_grove_mage_arcane_legs","item set/Сердце Осквернённой Чащи/Ризы Корневого Резонанса.png","4 (3x2)","web/elyndor-web/src/assets/items/sets/set_heart_of_blighted_grove_mage_arcane_legs.webp"
"Item","SET_HEART_OF_BLIGHTED_GROVE_MAGE_ARCANE_SHOULDERS","set_heart_of_blighted_grove_mage_arcane_shoulders","item set/Сердце Осквернённой Чащи/Ризы Корневого Резонанса.png","1 (3x2)","web/elyndor-web/src/assets/items/sets/set_heart_of_blighted_grove_mage_arcane_shoulders.webp"
"Item","SET_HEART_OF_BLIGHTED_GROVE_MAGE_FIRE_CHEST","set_heart_of_blighted_grove_mage_fire_chest","item set/Сердце Осквернённой Чащи/Венец Пылающей Чащи.png","2 (3x2)","web/elyndor-web/src/assets/items/sets/set_heart_of_blighted_grove_mage_fire_chest.webp"
"Item","SET_HEART_OF_BLIGHTED_GROVE_MAGE_FIRE_FEET","set_heart_of_blighted_grove_mage_fire_feet","item set/Сердце Осквернённой Чащи/Венец Пылающей Чащи.png","5 (3x2)","web/elyndor-web/src/assets/items/sets/set_heart_of_blighted_grove_mage_fire_feet.webp"
"Item","SET_HEART_OF_BLIGHTED_GROVE_MAGE_FIRE_HANDS","set_heart_of_blighted_grove_mage_fire_hands","item set/Сердце Осквернённой Чащи/Венец Пылающей Чащи.png","3 (3x2)","web/elyndor-web/src/assets/items/sets/set_heart_of_blighted_grove_mage_fire_hands.webp"
"Item","SET_HEART_OF_BLIGHTED_GROVE_MAGE_FIRE_HEAD","set_heart_of_blighted_grove_mage_fire_head","item set/Сердце Осквернённой Чащи/Венец Пылающей Чащи.png","0 (3x2)","web/elyndor-web/src/assets/items/sets/set_heart_of_blighted_grove_mage_fire_head.webp"
"Item","SET_HEART_OF_BLIGHTED_GROVE_MAGE_FIRE_LEGS","set_heart_of_blighted_grove_mage_fire_legs","item set/Сердце Осквернённой Чащи/Венец Пылающей Чащи.png","4 (3x2)","web/elyndor-web/src/assets/items/sets/set_heart_of_blighted_grove_mage_fire_legs.webp"
"Item","SET_HEART_OF_BLIGHTED_GROVE_MAGE_FIRE_SHOULDERS","set_heart_of_blighted_grove_mage_fire_shoulders","item set/Сердце Осквернённой Чащи/Венец Пылающей Чащи.png","1 (3x2)","web/elyndor-web/src/assets/items/sets/set_heart_of_blighted_grove_mage_fire_shoulders.webp"
"Item","SET_HEART_OF_BLIGHTED_GROVE_MAGE_FROST_CHEST","set_heart_of_blighted_grove_mage_frost_chest","item set/Сердце Осквернённой Чащи/Покров Белого Корня.png","2 (3x2)","web/elyndor-web/src/assets/items/sets/set_heart_of_blighted_grove_mage_frost_chest.webp"
"Item","SET_HEART_OF_BLIGHTED_GROVE_MAGE_FROST_FEET","set_heart_of_blighted_grove_mage_frost_feet","item set/Сердце Осквернённой Чащи/Покров Белого Корня.png","5 (3x2)","web/elyndor-web/src/assets/items/sets/set_heart_of_blighted_grove_mage_frost_feet.webp"
"Item","SET_HEART_OF_BLIGHTED_GROVE_MAGE_FROST_HANDS","set_heart_of_blighted_grove_mage_frost_hands","item set/Сердце Осквернённой Чащи/Покров Белого Корня.png","3 (3x2)","web/elyndor-web/src/assets/items/sets/set_heart_of_blighted_grove_mage_frost_hands.webp"
"Item","SET_HEART_OF_BLIGHTED_GROVE_MAGE_FROST_HEAD","set_heart_of_blighted_grove_mage_frost_head","item set/Сердце Осквернённой Чащи/Покров Белого Корня.png","0 (3x2)","web/elyndor-web/src/assets/items/sets/set_heart_of_blighted_grove_mage_frost_head.webp"
"Item","SET_HEART_OF_BLIGHTED_GROVE_MAGE_FROST_LEGS","set_heart_of_blighted_grove_mage_frost_legs","item set/Сердце Осквернённой Чащи/Покров Белого Корня.png","4 (3x2)","web/elyndor-web/src/assets/items/sets/set_heart_of_blighted_grove_mage_frost_legs.webp"
"Item","SET_HEART_OF_BLIGHTED_GROVE_MAGE_FROST_SHOULDERS","set_heart_of_blighted_grove_mage_frost_shoulders","item set/Сердце Осквернённой Чащи/Покров Белого Корня.png","1 (3x2)","web/elyndor-web/src/assets/items/sets/set_heart_of_blighted_grove_mage_frost_shoulders.webp"
"Item","SET_HEART_OF_BLIGHTED_GROVE_PALADIN_HOLY_CHEST","set_heart_of_blighted_grove_paladin_holy_chest","item set/Сердце Осквернённой Чащи/Доспех Рассвета Чащи.png","2 (3x2)","web/elyndor-web/src/assets/items/sets/set_heart_of_blighted_grove_paladin_holy_chest.webp"
"Item","SET_HEART_OF_BLIGHTED_GROVE_PALADIN_HOLY_FEET","set_heart_of_blighted_grove_paladin_holy_feet","item set/Сердце Осквернённой Чащи/Доспех Рассвета Чащи.png","5 (3x2)","web/elyndor-web/src/assets/items/sets/set_heart_of_blighted_grove_paladin_holy_feet.webp"
"Item","SET_HEART_OF_BLIGHTED_GROVE_PALADIN_HOLY_HANDS","set_heart_of_blighted_grove_paladin_holy_hands","item set/Сердце Осквернённой Чащи/Доспех Рассвета Чащи.png","3 (3x2)","web/elyndor-web/src/assets/items/sets/set_heart_of_blighted_grove_paladin_holy_hands.webp"
"Item","SET_HEART_OF_BLIGHTED_GROVE_PALADIN_HOLY_HEAD","set_heart_of_blighted_grove_paladin_holy_head","item set/Сердце Осквернённой Чащи/Доспех Рассвета Чащи.png","0 (3x2)","web/elyndor-web/src/assets/items/sets/set_heart_of_blighted_grove_paladin_holy_head.webp"
"Item","SET_HEART_OF_BLIGHTED_GROVE_PALADIN_HOLY_LEGS","set_heart_of_blighted_grove_paladin_holy_legs","item set/Сердце Осквернённой Чащи/Доспех Рассвета Чащи.png","4 (3x2)","web/elyndor-web/src/assets/items/sets/set_heart_of_blighted_grove_paladin_holy_legs.webp"
"Item","SET_HEART_OF_BLIGHTED_GROVE_PALADIN_HOLY_SHOULDERS","set_heart_of_blighted_grove_paladin_holy_shoulders","item set/Сердце Осквернённой Чащи/Доспех Рассвета Чащи.png","1 (3x2)","web/elyndor-web/src/assets/items/sets/set_heart_of_blighted_grove_paladin_holy_shoulders.webp"
"Item","SET_HEART_OF_BLIGHTED_GROVE_PALADIN_PROTECTION_CHEST","set_heart_of_blighted_grove_paladin_protection_chest","item set/Сердце Осквернённой Чащи/Оплот Живого Сердца.png","2 (3x2)","web/elyndor-web/src/assets/items/sets/set_heart_of_blighted_grove_paladin_protection_chest.webp"
"Item","SET_HEART_OF_BLIGHTED_GROVE_PALADIN_PROTECTION_FEET","set_heart_of_blighted_grove_paladin_protection_feet","item set/Сердце Осквернённой Чащи/Оплот Живого Сердца.png","5 (3x2)","web/elyndor-web/src/assets/items/sets/set_heart_of_blighted_grove_paladin_protection_feet.webp"
"Item","SET_HEART_OF_BLIGHTED_GROVE_PALADIN_PROTECTION_HANDS","set_heart_of_blighted_grove_paladin_protection_hands","item set/Сердце Осквернённой Чащи/Оплот Живого Сердца.png","3 (3x2)","web/elyndor-web/src/assets/items/sets/set_heart_of_blighted_grove_paladin_protection_hands.webp"
"Item","SET_HEART_OF_BLIGHTED_GROVE_PALADIN_PROTECTION_HEAD","set_heart_of_blighted_grove_paladin_protection_head","item set/Сердце Осквернённой Чащи/Оплот Живого Сердца.png","0 (3x2)","web/elyndor-web/src/assets/items/sets/set_heart_of_blighted_grove_paladin_protection_head.webp"
"Item","SET_HEART_OF_BLIGHTED_GROVE_PALADIN_PROTECTION_LEGS","set_heart_of_blighted_grove_paladin_protection_legs","item set/Сердце Осквернённой Чащи/Оплот Живого Сердца.png","4 (3x2)","web/elyndor-web/src/assets/items/sets/set_heart_of_blighted_grove_paladin_protection_legs.webp"
"Item","SET_HEART_OF_BLIGHTED_GROVE_PALADIN_PROTECTION_SHOULDERS","set_heart_of_blighted_grove_paladin_protection_shoulders","item set/Сердце Осквернённой Чащи/Оплот Живого Сердца.png","1 (3x2)","web/elyndor-web/src/assets/items/sets/set_heart_of_blighted_grove_paladin_protection_shoulders.webp"
"Item","SET_HEART_OF_BLIGHTED_GROVE_PALADIN_RETRIBUTION_CHEST","set_heart_of_blighted_grove_paladin_retribution_chest","item set/Сердце Осквернённой Чащи/Латы Очищающего Пламени.png","2 (3x2)","web/elyndor-web/src/assets/items/sets/set_heart_of_blighted_grove_paladin_retribution_chest.webp"
"Item","SET_HEART_OF_BLIGHTED_GROVE_PALADIN_RETRIBUTION_FEET","set_heart_of_blighted_grove_paladin_retribution_feet","item set/Сердце Осквернённой Чащи/Латы Очищающего Пламени.png","5 (3x2)","web/elyndor-web/src/assets/items/sets/set_heart_of_blighted_grove_paladin_retribution_feet.webp"
"Item","SET_HEART_OF_BLIGHTED_GROVE_PALADIN_RETRIBUTION_HANDS","set_heart_of_blighted_grove_paladin_retribution_hands","item set/Сердце Осквернённой Чащи/Латы Очищающего Пламени.png","3 (3x2)","web/elyndor-web/src/assets/items/sets/set_heart_of_blighted_grove_paladin_retribution_hands.webp"
"Item","SET_HEART_OF_BLIGHTED_GROVE_PALADIN_RETRIBUTION_HEAD","set_heart_of_blighted_grove_paladin_retribution_head","item set/Сердце Осквернённой Чащи/Латы Очищающего Пламени.png","0 (3x2)","web/elyndor-web/src/assets/items/sets/set_heart_of_blighted_grove_paladin_retribution_head.webp"
"Item","SET_HEART_OF_BLIGHTED_GROVE_PALADIN_RETRIBUTION_LEGS","set_heart_of_blighted_grove_paladin_retribution_legs","item set/Сердце Осквернённой Чащи/Латы Очищающего Пламени.png","4 (3x2)","web/elyndor-web/src/assets/items/sets/set_heart_of_blighted_grove_paladin_retribution_legs.webp"
"Item","SET_HEART_OF_BLIGHTED_GROVE_PALADIN_RETRIBUTION_SHOULDERS","set_heart_of_blighted_grove_paladin_retribution_shoulders","item set/Сердце Осквернённой Чащи/Латы Очищающего Пламени.png","1 (3x2)","web/elyndor-web/src/assets/items/sets/set_heart_of_blighted_grove_paladin_retribution_shoulders.webp"
"Item","SET_HEART_OF_BLIGHTED_GROVE_WARRIOR_BERSERKER_CHEST","set_heart_of_blighted_grove_warrior_berserker_chest","item set/Сердце Осквернённой Чащи/Клятва Багровой Ярости.png","2 (3x2)","web/elyndor-web/src/assets/items/sets/set_heart_of_blighted_grove_warrior_berserker_chest.webp"
"Item","SET_HEART_OF_BLIGHTED_GROVE_WARRIOR_BERSERKER_FEET","set_heart_of_blighted_grove_warrior_berserker_feet","item set/Сердце Осквернённой Чащи/Клятва Багровой Ярости.png","5 (3x2)","web/elyndor-web/src/assets/items/sets/set_heart_of_blighted_grove_warrior_berserker_feet.webp"
"Item","SET_HEART_OF_BLIGHTED_GROVE_WARRIOR_BERSERKER_HANDS","set_heart_of_blighted_grove_warrior_berserker_hands","item set/Сердце Осквернённой Чащи/Клятва Багровой Ярости.png","3 (3x2)","web/elyndor-web/src/assets/items/sets/set_heart_of_blighted_grove_warrior_berserker_hands.webp"
"Item","SET_HEART_OF_BLIGHTED_GROVE_WARRIOR_BERSERKER_HEAD","set_heart_of_blighted_grove_warrior_berserker_head","item set/Сердце Осквернённой Чащи/Клятва Багровой Ярости.png","0 (3x2)","web/elyndor-web/src/assets/items/sets/set_heart_of_blighted_grove_warrior_berserker_head.webp"
"Item","SET_HEART_OF_BLIGHTED_GROVE_WARRIOR_BERSERKER_LEGS","set_heart_of_blighted_grove_warrior_berserker_legs","item set/Сердце Осквернённой Чащи/Клятва Багровой Ярости.png","4 (3x2)","web/elyndor-web/src/assets/items/sets/set_heart_of_blighted_grove_warrior_berserker_legs.webp"
"Item","SET_HEART_OF_BLIGHTED_GROVE_WARRIOR_BERSERKER_SHOULDERS","set_heart_of_blighted_grove_warrior_berserker_shoulders","item set/Сердце Осквернённой Чащи/Клятва Багровой Ярости.png","1 (3x2)","web/elyndor-web/src/assets/items/sets/set_heart_of_blighted_grove_warrior_berserker_shoulders.webp"
"Item","SET_HEART_OF_BLIGHTED_GROVE_WARRIOR_GUARDIAN_CHEST","set_heart_of_blighted_grove_warrior_guardian_chest","item set/Сердце Осквернённой Чащи/Доспех Хранителя Сердца.png","2 (3x2)","web/elyndor-web/src/assets/items/sets/set_heart_of_blighted_grove_warrior_guardian_chest.webp"
"Item","SET_HEART_OF_BLIGHTED_GROVE_WARRIOR_GUARDIAN_FEET","set_heart_of_blighted_grove_warrior_guardian_feet","item set/Сердце Осквернённой Чащи/Доспех Хранителя Сердца.png","5 (3x2)","web/elyndor-web/src/assets/items/sets/set_heart_of_blighted_grove_warrior_guardian_feet.webp"
"Item","SET_HEART_OF_BLIGHTED_GROVE_WARRIOR_GUARDIAN_HANDS","set_heart_of_blighted_grove_warrior_guardian_hands","item set/Сердце Осквернённой Чащи/Доспех Хранителя Сердца.png","3 (3x2)","web/elyndor-web/src/assets/items/sets/set_heart_of_blighted_grove_warrior_guardian_hands.webp"
"Item","SET_HEART_OF_BLIGHTED_GROVE_WARRIOR_GUARDIAN_HEAD","set_heart_of_blighted_grove_warrior_guardian_head","item set/Сердце Осквернённой Чащи/Доспех Хранителя Сердца.png","0 (3x2)","web/elyndor-web/src/assets/items/sets/set_heart_of_blighted_grove_warrior_guardian_head.webp"
"Item","SET_HEART_OF_BLIGHTED_GROVE_WARRIOR_GUARDIAN_LEGS","set_heart_of_blighted_grove_warrior_guardian_legs","item set/Сердце Осквернённой Чащи/Доспех Хранителя Сердца.png","4 (3x2)","web/elyndor-web/src/assets/items/sets/set_heart_of_blighted_grove_warrior_guardian_legs.webp"
"Item","SET_HEART_OF_BLIGHTED_GROVE_WARRIOR_GUARDIAN_SHOULDERS","set_heart_of_blighted_grove_warrior_guardian_shoulders","item set/Сердце Осквернённой Чащи/Доспех Хранителя Сердца.png","1 (3x2)","web/elyndor-web/src/assets/items/sets/set_heart_of_blighted_grove_warrior_guardian_shoulders.webp"
"Item","SET_HEART_OF_BLIGHTED_GROVE_WARRIOR_WARLORD_CHEST","set_heart_of_blighted_grove_warrior_warlord_chest","item set/Сердце Осквернённой Чащи/Регалии Багрового Полководца.png","2 (3x2)","web/elyndor-web/src/assets/items/sets/set_heart_of_blighted_grove_warrior_warlord_chest.webp"
"Item","SET_HEART_OF_BLIGHTED_GROVE_WARRIOR_WARLORD_FEET","set_heart_of_blighted_grove_warrior_warlord_feet","item set/Сердце Осквернённой Чащи/Регалии Багрового Полководца.png","5 (3x2)","web/elyndor-web/src/assets/items/sets/set_heart_of_blighted_grove_warrior_warlord_feet.webp"
"Item","SET_HEART_OF_BLIGHTED_GROVE_WARRIOR_WARLORD_HANDS","set_heart_of_blighted_grove_warrior_warlord_hands","item set/Сердце Осквернённой Чащи/Регалии Багрового Полководца.png","3 (3x2)","web/elyndor-web/src/assets/items/sets/set_heart_of_blighted_grove_warrior_warlord_hands.webp"
"Item","SET_HEART_OF_BLIGHTED_GROVE_WARRIOR_WARLORD_HEAD","set_heart_of_blighted_grove_warrior_warlord_head","item set/Сердце Осквернённой Чащи/Регалии Багрового Полководца.png","0 (3x2)","web/elyndor-web/src/assets/items/sets/set_heart_of_blighted_grove_warrior_warlord_head.webp"
"Item","SET_HEART_OF_BLIGHTED_GROVE_WARRIOR_WARLORD_LEGS","set_heart_of_blighted_grove_warrior_warlord_legs","item set/Сердце Осквернённой Чащи/Регалии Багрового Полководца.png","4 (3x2)","web/elyndor-web/src/assets/items/sets/set_heart_of_blighted_grove_warrior_warlord_legs.webp"
"Item","SET_HEART_OF_BLIGHTED_GROVE_WARRIOR_WARLORD_SHOULDERS","set_heart_of_blighted_grove_warrior_warlord_shoulders","item set/Сердце Осквернённой Чащи/Регалии Багрового Полководца.png","1 (3x2)","web/elyndor-web/src/assets/items/sets/set_heart_of_blighted_grove_warrior_warlord_shoulders.webp"
"Item","SET_SHATTERED_ORDER_RAID_ARCHER_BEAST_MASTERY_CHEST","set_shattered_order_raid_archer_beast_mastery_chest","item set/Цитадель Расколотого Ордена/Клятва Зеркального Зверолова.png","2 (3x2)","web/elyndor-web/src/assets/items/sets/set_shattered_order_raid_archer_beast_mastery_chest.webp"
"Item","SET_SHATTERED_ORDER_RAID_ARCHER_BEAST_MASTERY_FEET","set_shattered_order_raid_archer_beast_mastery_feet","item set/Цитадель Расколотого Ордена/Клятва Зеркального Зверолова.png","5 (3x2)","web/elyndor-web/src/assets/items/sets/set_shattered_order_raid_archer_beast_mastery_feet.webp"
"Item","SET_SHATTERED_ORDER_RAID_ARCHER_BEAST_MASTERY_HANDS","set_shattered_order_raid_archer_beast_mastery_hands","item set/Цитадель Расколотого Ордена/Клятва Зеркального Зверолова.png","3 (3x2)","web/elyndor-web/src/assets/items/sets/set_shattered_order_raid_archer_beast_mastery_hands.webp"
"Item","SET_SHATTERED_ORDER_RAID_ARCHER_BEAST_MASTERY_HEAD","set_shattered_order_raid_archer_beast_mastery_head","item set/Цитадель Расколотого Ордена/Клятва Зеркального Зверолова.png","0 (3x2)","web/elyndor-web/src/assets/items/sets/set_shattered_order_raid_archer_beast_mastery_head.webp"
"Item","SET_SHATTERED_ORDER_RAID_ARCHER_BEAST_MASTERY_LEGS","set_shattered_order_raid_archer_beast_mastery_legs","item set/Цитадель Расколотого Ордена/Клятва Зеркального Зверолова.png","4 (3x2)","web/elyndor-web/src/assets/items/sets/set_shattered_order_raid_archer_beast_mastery_legs.webp"
"Item","SET_SHATTERED_ORDER_RAID_ARCHER_BEAST_MASTERY_SHOULDERS","set_shattered_order_raid_archer_beast_mastery_shoulders","item set/Цитадель Расколотого Ордена/Клятва Зеркального Зверолова.png","1 (3x2)","web/elyndor-web/src/assets/items/sets/set_shattered_order_raid_archer_beast_mastery_shoulders.webp"
"Item","SET_SHATTERED_ORDER_RAID_ARCHER_MARKSMANSHIP_CHEST","set_shattered_order_raid_archer_marksmanship_chest","item set/Цитадель Расколотого Ордена/Регалии Стрелка Между Мирами.png","2 (3x2)","web/elyndor-web/src/assets/items/sets/set_shattered_order_raid_archer_marksmanship_chest.webp"
"Item","SET_SHATTERED_ORDER_RAID_ARCHER_MARKSMANSHIP_FEET","set_shattered_order_raid_archer_marksmanship_feet","item set/Цитадель Расколотого Ордена/Регалии Стрелка Между Мирами.png","5 (3x2)","web/elyndor-web/src/assets/items/sets/set_shattered_order_raid_archer_marksmanship_feet.webp"
"Item","SET_SHATTERED_ORDER_RAID_ARCHER_MARKSMANSHIP_HANDS","set_shattered_order_raid_archer_marksmanship_hands","item set/Цитадель Расколотого Ордена/Регалии Стрелка Между Мирами.png","3 (3x2)","web/elyndor-web/src/assets/items/sets/set_shattered_order_raid_archer_marksmanship_hands.webp"
"Item","SET_SHATTERED_ORDER_RAID_ARCHER_MARKSMANSHIP_HEAD","set_shattered_order_raid_archer_marksmanship_head","item set/Цитадель Расколотого Ордена/Регалии Стрелка Между Мирами.png","0 (3x2)","web/elyndor-web/src/assets/items/sets/set_shattered_order_raid_archer_marksmanship_head.webp"
"Item","SET_SHATTERED_ORDER_RAID_ARCHER_MARKSMANSHIP_LEGS","set_shattered_order_raid_archer_marksmanship_legs","item set/Цитадель Расколотого Ордена/Регалии Стрелка Между Мирами.png","4 (3x2)","web/elyndor-web/src/assets/items/sets/set_shattered_order_raid_archer_marksmanship_legs.webp"
"Item","SET_SHATTERED_ORDER_RAID_ARCHER_MARKSMANSHIP_SHOULDERS","set_shattered_order_raid_archer_marksmanship_shoulders","item set/Цитадель Расколотого Ордена/Регалии Стрелка Между Мирами.png","1 (3x2)","web/elyndor-web/src/assets/items/sets/set_shattered_order_raid_archer_marksmanship_shoulders.webp"
"Item","SET_SHATTERED_ORDER_RAID_ARCHER_SURVIVAL_CHEST","set_shattered_order_raid_archer_survival_chest","item set/Цитадель Расколотого Ордена/Снаряжение Ловчего Раскола.png","2 (3x2)","web/elyndor-web/src/assets/items/sets/set_shattered_order_raid_archer_survival_chest.webp"
"Item","SET_SHATTERED_ORDER_RAID_ARCHER_SURVIVAL_FEET","set_shattered_order_raid_archer_survival_feet","item set/Цитадель Расколотого Ордена/Снаряжение Ловчего Раскола.png","5 (3x2)","web/elyndor-web/src/assets/items/sets/set_shattered_order_raid_archer_survival_feet.webp"
"Item","SET_SHATTERED_ORDER_RAID_ARCHER_SURVIVAL_HANDS","set_shattered_order_raid_archer_survival_hands","item set/Цитадель Расколотого Ордена/Снаряжение Ловчего Раскола.png","3 (3x2)","web/elyndor-web/src/assets/items/sets/set_shattered_order_raid_archer_survival_hands.webp"
"Item","SET_SHATTERED_ORDER_RAID_ARCHER_SURVIVAL_HEAD","set_shattered_order_raid_archer_survival_head","item set/Цитадель Расколотого Ордена/Снаряжение Ловчего Раскола.png","0 (3x2)","web/elyndor-web/src/assets/items/sets/set_shattered_order_raid_archer_survival_head.webp"
"Item","SET_SHATTERED_ORDER_RAID_ARCHER_SURVIVAL_LEGS","set_shattered_order_raid_archer_survival_legs","item set/Цитадель Расколотого Ордена/Снаряжение Ловчего Раскола.png","4 (3x2)","web/elyndor-web/src/assets/items/sets/set_shattered_order_raid_archer_survival_legs.webp"
"Item","SET_SHATTERED_ORDER_RAID_ARCHER_SURVIVAL_SHOULDERS","set_shattered_order_raid_archer_survival_shoulders","item set/Цитадель Расколотого Ордена/Снаряжение Ловчего Раскола.png","1 (3x2)","web/elyndor-web/src/assets/items/sets/set_shattered_order_raid_archer_survival_shoulders.webp"
"Item","SET_SHATTERED_ORDER_RAID_MAGE_ARCANE_CHEST","set_shattered_order_raid_mage_arcane_chest","item set/Цитадель Расколотого Ордена/Одеяния Расколотой Звезды.png","2 (3x2)","web/elyndor-web/src/assets/items/sets/set_shattered_order_raid_mage_arcane_chest.webp"
"Item","SET_SHATTERED_ORDER_RAID_MAGE_ARCANE_FEET","set_shattered_order_raid_mage_arcane_feet","item set/Цитадель Расколотого Ордена/Одеяния Расколотой Звезды.png","5 (3x2)","web/elyndor-web/src/assets/items/sets/set_shattered_order_raid_mage_arcane_feet.webp"
"Item","SET_SHATTERED_ORDER_RAID_MAGE_ARCANE_HANDS","set_shattered_order_raid_mage_arcane_hands","item set/Цитадель Расколотого Ордена/Одеяния Расколотой Звезды.png","3 (3x2)","web/elyndor-web/src/assets/items/sets/set_shattered_order_raid_mage_arcane_hands.webp"
"Item","SET_SHATTERED_ORDER_RAID_MAGE_ARCANE_HEAD","set_shattered_order_raid_mage_arcane_head","item set/Цитадель Расколотого Ордена/Одеяния Расколотой Звезды.png","0 (3x2)","web/elyndor-web/src/assets/items/sets/set_shattered_order_raid_mage_arcane_head.webp"
"Item","SET_SHATTERED_ORDER_RAID_MAGE_ARCANE_LEGS","set_shattered_order_raid_mage_arcane_legs","item set/Цитадель Расколотого Ордена/Одеяния Расколотой Звезды.png","4 (3x2)","web/elyndor-web/src/assets/items/sets/set_shattered_order_raid_mage_arcane_legs.webp"
"Item","SET_SHATTERED_ORDER_RAID_MAGE_ARCANE_SHOULDERS","set_shattered_order_raid_mage_arcane_shoulders","item set/Цитадель Расколотого Ордена/Одеяния Расколотой Звезды.png","1 (3x2)","web/elyndor-web/src/assets/items/sets/set_shattered_order_raid_mage_arcane_shoulders.webp"
"Item","SET_SHATTERED_ORDER_RAID_MAGE_FIRE_CHEST","set_shattered_order_raid_mage_fire_chest","item set/Цитадель Расколотого Ордена/Одеяния Пылающего Раскола.png","2 (3x2)","web/elyndor-web/src/assets/items/sets/set_shattered_order_raid_mage_fire_chest.webp"
"Item","SET_SHATTERED_ORDER_RAID_MAGE_FIRE_FEET","set_shattered_order_raid_mage_fire_feet","item set/Цитадель Расколотого Ордена/Одеяния Пылающего Раскола.png","5 (3x2)","web/elyndor-web/src/assets/items/sets/set_shattered_order_raid_mage_fire_feet.webp"
"Item","SET_SHATTERED_ORDER_RAID_MAGE_FIRE_HANDS","set_shattered_order_raid_mage_fire_hands","item set/Цитадель Расколотого Ордена/Одеяния Пылающего Раскола.png","3 (3x2)","web/elyndor-web/src/assets/items/sets/set_shattered_order_raid_mage_fire_hands.webp"
"Item","SET_SHATTERED_ORDER_RAID_MAGE_FIRE_HEAD","set_shattered_order_raid_mage_fire_head","item set/Цитадель Расколотого Ордена/Одеяния Пылающего Раскола.png","0 (3x2)","web/elyndor-web/src/assets/items/sets/set_shattered_order_raid_mage_fire_head.webp"
"Item","SET_SHATTERED_ORDER_RAID_MAGE_FIRE_LEGS","set_shattered_order_raid_mage_fire_legs","item set/Цитадель Расколотого Ордена/Одеяния Пылающего Раскола.png","4 (3x2)","web/elyndor-web/src/assets/items/sets/set_shattered_order_raid_mage_fire_legs.webp"
"Item","SET_SHATTERED_ORDER_RAID_MAGE_FIRE_SHOULDERS","set_shattered_order_raid_mage_fire_shoulders","item set/Цитадель Расколотого Ордена/Одеяния Пылающего Раскола.png","1 (3x2)","web/elyndor-web/src/assets/items/sets/set_shattered_order_raid_mage_fire_shoulders.webp"
"Item","SET_SHATTERED_ORDER_RAID_MAGE_FROST_CHEST","set_shattered_order_raid_mage_frost_chest","item set/Цитадель Расколотого Ордена/Покров Зеркального Инея.png","2 (3x2)","web/elyndor-web/src/assets/items/sets/set_shattered_order_raid_mage_frost_chest.webp"
"Item","SET_SHATTERED_ORDER_RAID_MAGE_FROST_FEET","set_shattered_order_raid_mage_frost_feet","item set/Цитадель Расколотого Ордена/Покров Зеркального Инея.png","5 (3x2)","web/elyndor-web/src/assets/items/sets/set_shattered_order_raid_mage_frost_feet.webp"
"Item","SET_SHATTERED_ORDER_RAID_MAGE_FROST_HANDS","set_shattered_order_raid_mage_frost_hands","item set/Цитадель Расколотого Ордена/Покров Зеркального Инея.png","3 (3x2)","web/elyndor-web/src/assets/items/sets/set_shattered_order_raid_mage_frost_hands.webp"
"Item","SET_SHATTERED_ORDER_RAID_MAGE_FROST_HEAD","set_shattered_order_raid_mage_frost_head","item set/Цитадель Расколотого Ордена/Покров Зеркального Инея.png","0 (3x2)","web/elyndor-web/src/assets/items/sets/set_shattered_order_raid_mage_frost_head.webp"
"Item","SET_SHATTERED_ORDER_RAID_MAGE_FROST_LEGS","set_shattered_order_raid_mage_frost_legs","item set/Цитадель Расколотого Ордена/Покров Зеркального Инея.png","4 (3x2)","web/elyndor-web/src/assets/items/sets/set_shattered_order_raid_mage_frost_legs.webp"
"Item","SET_SHATTERED_ORDER_RAID_MAGE_FROST_SHOULDERS","set_shattered_order_raid_mage_frost_shoulders","item set/Цитадель Расколотого Ордена/Покров Зеркального Инея.png","1 (3x2)","web/elyndor-web/src/assets/items/sets/set_shattered_order_raid_mage_frost_shoulders.webp"
"Item","SET_SHATTERED_ORDER_RAID_PALADIN_HOLY_CHEST","set_shattered_order_raid_paladin_holy_chest","item set/Цитадель Расколотого Ордена/Клятва Расколотого Рассвета.png","2 (3x2)","web/elyndor-web/src/assets/items/sets/set_shattered_order_raid_paladin_holy_chest.webp"
"Item","SET_SHATTERED_ORDER_RAID_PALADIN_HOLY_FEET","set_shattered_order_raid_paladin_holy_feet","item set/Цитадель Расколотого Ордена/Клятва Расколотого Рассвета.png","5 (3x2)","web/elyndor-web/src/assets/items/sets/set_shattered_order_raid_paladin_holy_feet.webp"
"Item","SET_SHATTERED_ORDER_RAID_PALADIN_HOLY_HANDS","set_shattered_order_raid_paladin_holy_hands","item set/Цитадель Расколотого Ордена/Клятва Расколотого Рассвета.png","3 (3x2)","web/elyndor-web/src/assets/items/sets/set_shattered_order_raid_paladin_holy_hands.webp"
"Item","SET_SHATTERED_ORDER_RAID_PALADIN_HOLY_HEAD","set_shattered_order_raid_paladin_holy_head","item set/Цитадель Расколотого Ордена/Клятва Расколотого Рассвета.png","0 (3x2)","web/elyndor-web/src/assets/items/sets/set_shattered_order_raid_paladin_holy_head.webp"
"Item","SET_SHATTERED_ORDER_RAID_PALADIN_HOLY_LEGS","set_shattered_order_raid_paladin_holy_legs","item set/Цитадель Расколотого Ордена/Клятва Расколотого Рассвета.png","4 (3x2)","web/elyndor-web/src/assets/items/sets/set_shattered_order_raid_paladin_holy_legs.webp"
"Item","SET_SHATTERED_ORDER_RAID_PALADIN_HOLY_SHOULDERS","set_shattered_order_raid_paladin_holy_shoulders","item set/Цитадель Расколотого Ордена/Клятва Расколотого Рассвета.png","1 (3x2)","web/elyndor-web/src/assets/items/sets/set_shattered_order_raid_paladin_holy_shoulders.webp"
"Item","SET_SHATTERED_ORDER_RAID_PALADIN_PROTECTION_CHEST","set_shattered_order_raid_paladin_protection_chest","item set/Цитадель Расколотого Ордена/Доспех Зеркального Стража.png","2 (3x2)","web/elyndor-web/src/assets/items/sets/set_shattered_order_raid_paladin_protection_chest.webp"
"Item","SET_SHATTERED_ORDER_RAID_PALADIN_PROTECTION_FEET","set_shattered_order_raid_paladin_protection_feet","item set/Цитадель Расколотого Ордена/Доспех Зеркального Стража.png","5 (3x2)","web/elyndor-web/src/assets/items/sets/set_shattered_order_raid_paladin_protection_feet.webp"
"Item","SET_SHATTERED_ORDER_RAID_PALADIN_PROTECTION_HANDS","set_shattered_order_raid_paladin_protection_hands","item set/Цитадель Расколотого Ордена/Доспех Зеркального Стража.png","3 (3x2)","web/elyndor-web/src/assets/items/sets/set_shattered_order_raid_paladin_protection_hands.webp"
"Item","SET_SHATTERED_ORDER_RAID_PALADIN_PROTECTION_HEAD","set_shattered_order_raid_paladin_protection_head","item set/Цитадель Расколотого Ордена/Доспех Зеркального Стража.png","0 (3x2)","web/elyndor-web/src/assets/items/sets/set_shattered_order_raid_paladin_protection_head.webp"
"Item","SET_SHATTERED_ORDER_RAID_PALADIN_PROTECTION_LEGS","set_shattered_order_raid_paladin_protection_legs","item set/Цитадель Расколотого Ордена/Доспех Зеркального Стража.png","4 (3x2)","web/elyndor-web/src/assets/items/sets/set_shattered_order_raid_paladin_protection_legs.webp"
"Item","SET_SHATTERED_ORDER_RAID_PALADIN_PROTECTION_SHOULDERS","set_shattered_order_raid_paladin_protection_shoulders","item set/Цитадель Расколотого Ордена/Доспех Зеркального Стража.png","1 (3x2)","web/elyndor-web/src/assets/items/sets/set_shattered_order_raid_paladin_protection_shoulders.webp"
"Item","SET_SHATTERED_ORDER_RAID_PALADIN_RETRIBUTION_CHEST","set_shattered_order_raid_paladin_retribution_chest","item set/Цитадель Расколотого Ордена/Латы Триединого Правосудия.png","2 (3x2)","web/elyndor-web/src/assets/items/sets/set_shattered_order_raid_paladin_retribution_chest.webp"
"Item","SET_SHATTERED_ORDER_RAID_PALADIN_RETRIBUTION_FEET","set_shattered_order_raid_paladin_retribution_feet","item set/Цитадель Расколотого Ордена/Латы Триединого Правосудия.png","5 (3x2)","web/elyndor-web/src/assets/items/sets/set_shattered_order_raid_paladin_retribution_feet.webp"
"Item","SET_SHATTERED_ORDER_RAID_PALADIN_RETRIBUTION_HANDS","set_shattered_order_raid_paladin_retribution_hands","item set/Цитадель Расколотого Ордена/Латы Триединого Правосудия.png","3 (3x2)","web/elyndor-web/src/assets/items/sets/set_shattered_order_raid_paladin_retribution_hands.webp"
"Item","SET_SHATTERED_ORDER_RAID_PALADIN_RETRIBUTION_HEAD","set_shattered_order_raid_paladin_retribution_head","item set/Цитадель Расколотого Ордена/Латы Триединого Правосудия.png","0 (3x2)","web/elyndor-web/src/assets/items/sets/set_shattered_order_raid_paladin_retribution_head.webp"
"Item","SET_SHATTERED_ORDER_RAID_PALADIN_RETRIBUTION_LEGS","set_shattered_order_raid_paladin_retribution_legs","item set/Цитадель Расколотого Ордена/Латы Триединого Правосудия.png","4 (3x2)","web/elyndor-web/src/assets/items/sets/set_shattered_order_raid_paladin_retribution_legs.webp"
"Item","SET_SHATTERED_ORDER_RAID_PALADIN_RETRIBUTION_SHOULDERS","set_shattered_order_raid_paladin_retribution_shoulders","item set/Цитадель Расколотого Ордена/Латы Триединого Правосудия.png","1 (3x2)","web/elyndor-web/src/assets/items/sets/set_shattered_order_raid_paladin_retribution_shoulders.webp"
"Item","SET_SHATTERED_ORDER_RAID_WARRIOR_BERSERKER_CHEST","set_shattered_order_raid_warrior_berserker_chest","item set/Цитадель Расколотого Ордена/Клятва Разбитого Клинка.png","2 (3x2)","web/elyndor-web/src/assets/items/sets/set_shattered_order_raid_warrior_berserker_chest.webp"
"Item","SET_SHATTERED_ORDER_RAID_WARRIOR_BERSERKER_FEET","set_shattered_order_raid_warrior_berserker_feet","item set/Цитадель Расколотого Ордена/Клятва Разбитого Клинка.png","5 (3x2)","web/elyndor-web/src/assets/items/sets/set_shattered_order_raid_warrior_berserker_feet.webp"
"Item","SET_SHATTERED_ORDER_RAID_WARRIOR_BERSERKER_HANDS","set_shattered_order_raid_warrior_berserker_hands","item set/Цитадель Расколотого Ордена/Клятва Разбитого Клинка.png","3 (3x2)","web/elyndor-web/src/assets/items/sets/set_shattered_order_raid_warrior_berserker_hands.webp"
"Item","SET_SHATTERED_ORDER_RAID_WARRIOR_BERSERKER_HEAD","set_shattered_order_raid_warrior_berserker_head","item set/Цитадель Расколотого Ордена/Клятва Разбитого Клинка.png","0 (3x2)","web/elyndor-web/src/assets/items/sets/set_shattered_order_raid_warrior_berserker_head.webp"
"Item","SET_SHATTERED_ORDER_RAID_WARRIOR_BERSERKER_LEGS","set_shattered_order_raid_warrior_berserker_legs","item set/Цитадель Расколотого Ордена/Клятва Разбитого Клинка.png","4 (3x2)","web/elyndor-web/src/assets/items/sets/set_shattered_order_raid_warrior_berserker_legs.webp"
"Item","SET_SHATTERED_ORDER_RAID_WARRIOR_BERSERKER_SHOULDERS","set_shattered_order_raid_warrior_berserker_shoulders","item set/Цитадель Расколотого Ордена/Клятва Разбитого Клинка.png","1 (3x2)","web/elyndor-web/src/assets/items/sets/set_shattered_order_raid_warrior_berserker_shoulders.webp"
"Item","SET_SHATTERED_ORDER_RAID_WARRIOR_GUARDIAN_CHEST","set_shattered_order_raid_warrior_guardian_chest","item set/Цитадель Расколотого Ордена/Наследие Первого Стража.png","2 (3x2)","web/elyndor-web/src/assets/items/sets/set_shattered_order_raid_warrior_guardian_chest.webp"
"Item","SET_SHATTERED_ORDER_RAID_WARRIOR_GUARDIAN_FEET","set_shattered_order_raid_warrior_guardian_feet","item set/Цитадель Расколотого Ордена/Наследие Первого Стража.png","5 (3x2)","web/elyndor-web/src/assets/items/sets/set_shattered_order_raid_warrior_guardian_feet.webp"
"Item","SET_SHATTERED_ORDER_RAID_WARRIOR_GUARDIAN_HANDS","set_shattered_order_raid_warrior_guardian_hands","item set/Цитадель Расколотого Ордена/Наследие Первого Стража.png","3 (3x2)","web/elyndor-web/src/assets/items/sets/set_shattered_order_raid_warrior_guardian_hands.webp"
"Item","SET_SHATTERED_ORDER_RAID_WARRIOR_GUARDIAN_HEAD","set_shattered_order_raid_warrior_guardian_head","item set/Цитадель Расколотого Ордена/Наследие Первого Стража.png","0 (3x2)","web/elyndor-web/src/assets/items/sets/set_shattered_order_raid_warrior_guardian_head.webp"
"Item","SET_SHATTERED_ORDER_RAID_WARRIOR_GUARDIAN_LEGS","set_shattered_order_raid_warrior_guardian_legs","item set/Цитадель Расколотого Ордена/Наследие Первого Стража.png","4 (3x2)","web/elyndor-web/src/assets/items/sets/set_shattered_order_raid_warrior_guardian_legs.webp"
"Item","SET_SHATTERED_ORDER_RAID_WARRIOR_GUARDIAN_SHOULDERS","set_shattered_order_raid_warrior_guardian_shoulders","item set/Цитадель Расколотого Ордена/Наследие Первого Стража.png","1 (3x2)","web/elyndor-web/src/assets/items/sets/set_shattered_order_raid_warrior_guardian_shoulders.webp"
"Item","SET_SHATTERED_ORDER_RAID_WARRIOR_WARLORD_CHEST","set_shattered_order_raid_warrior_warlord_chest","item set/Цитадель Расколотого Ордена/Регалии Зеркального Маршала.png","2 (3x2)","web/elyndor-web/src/assets/items/sets/set_shattered_order_raid_warrior_warlord_chest.webp"
"Item","SET_SHATTERED_ORDER_RAID_WARRIOR_WARLORD_FEET","set_shattered_order_raid_warrior_warlord_feet","item set/Цитадель Расколотого Ордена/Регалии Зеркального Маршала.png","5 (3x2)","web/elyndor-web/src/assets/items/sets/set_shattered_order_raid_warrior_warlord_feet.webp"
"Item","SET_SHATTERED_ORDER_RAID_WARRIOR_WARLORD_HANDS","set_shattered_order_raid_warrior_warlord_hands","item set/Цитадель Расколотого Ордена/Регалии Зеркального Маршала.png","3 (3x2)","web/elyndor-web/src/assets/items/sets/set_shattered_order_raid_warrior_warlord_hands.webp"
"Item","SET_SHATTERED_ORDER_RAID_WARRIOR_WARLORD_HEAD","set_shattered_order_raid_warrior_warlord_head","item set/Цитадель Расколотого Ордена/Регалии Зеркального Маршала.png","0 (3x2)","web/elyndor-web/src/assets/items/sets/set_shattered_order_raid_warrior_warlord_head.webp"
"Item","SET_SHATTERED_ORDER_RAID_WARRIOR_WARLORD_LEGS","set_shattered_order_raid_warrior_warlord_legs","item set/Цитадель Расколотого Ордена/Регалии Зеркального Маршала.png","4 (3x2)","web/elyndor-web/src/assets/items/sets/set_shattered_order_raid_warrior_warlord_legs.webp"
"Item","SET_SHATTERED_ORDER_RAID_WARRIOR_WARLORD_SHOULDERS","set_shattered_order_raid_warrior_warlord_shoulders","item set/Цитадель Расколотого Ордена/Регалии Зеркального Маршала.png","1 (3x2)","web/elyndor-web/src/assets/items/sets/set_shattered_order_raid_warrior_warlord_shoulders.webp"
"Item","SFERA_CHIORNOGO_PLAMENI","sfera_chiornogo_plameni","Предметы вне комплектов/Именные вещи открытого мира — поздний диапазон 30–40.png","2 (4x3)","web/elyndor-web/src/assets/items/imported/sfera_chiornogo_plameni.webp"
"Item","SHCHIT_CHASOVOGO_UMBRY","shchit_chasovogo_umbry","Предметы вне комплектов/Именные вещи открытого мира — средний диапазон 15–29.png","10 (5x4)","web/elyndor-web/src/assets/items/imported/shchit_chasovogo_umbry.webp"
"Item","TLEIUSHCHII_FOKUS","tleiushchii_fokus","Предметы вне комплектов/Именные вещи открытого мира — средний диапазон 15–29.png","4 (5x4)","web/elyndor-web/src/assets/items/imported/tleiushchii_fokus.webp"
"Item","ZNAK_GLASHATAIA","znak_glashataia","Предметы вне комплектов/Именные вещи открытого мира — средний диапазон 15–29.png","6 (5x4)","web/elyndor-web/src/assets/items/imported/znak_glashataia.webp"
"Monster","ASHEN_BORDER_DOZORNYI_GRANITSY_L23","dozornyi-granitsy","Враги/Враги Пепельной границы и Топей Лунного Пепла/дозорный границы.png","","web/elyndor-web/src/assets/monsters/dozornyi-granitsy.webp"
"Monster","ASHEN_BORDER_PEPELNYI_GONCHII_ZVER_L23","pepelnyi-gonchii-zver","Враги/Враги Пепельной границы и Топей Лунного Пепла/пепельный гончий зверь.png","","web/elyndor-web/src/assets/monsters/pepelnyi-gonchii-zver.webp"
"Monster","ASHEN_BORDER_PEPELNYI_NALIOTCHIK_L22","pepelnyi-naliotchik","Враги/Враги Пепельной границы и Топей Лунного Пепла/пепельный налётчик.png","","web/elyndor-web/src/assets/monsters/pepelnyi-naliotchik.webp"
"Monster","BANDIT_ROGUE_L15","enemy-lesnoy-razboynik","Враги/Ранние враги открытого мира/лесной разбойник.png","","web/elyndor-web/src/assets/monsters/enemy-lesnoy-razboynik.webp"
"Monster","BLIGHTED_GROVE_BOLOTNYI_VASILISK_L19","bolotnyi-vasilisk","Враги/Враги Осквернённой чащи/болотный василиск.png","","web/elyndor-web/src/assets/monsters/bolotnyi-vasilisk.webp"
"Monster","BLIGHTED_GROVE_GLASHATAI_PORCHI_L20","glashatai-porchi","Враги/Враги Осквернённой чащи/глашатай порчи.png","","web/elyndor-web/src/assets/monsters/glashatai-porchi.webp"
"Monster","BLIGHTED_GROVE_IADOVITAIA_MATRONA_CHASHCHI_L19","iadovitaia-matrona-chashchi","Враги/Враги Осквернённой чащи/ядовитая матрона чащи.png","","web/elyndor-web/src/assets/monsters/iadovitaia-matrona-chashchi.webp"
"Monster","BLIGHTED_GROVE_LESNAIA_VEDMA_L19","lesnaia-vedma","Враги/Враги Осквернённой чащи/лесная ведьма.png","","web/elyndor-web/src/assets/monsters/lesnaia-vedma.webp"
"Monster","BLIGHTED_GROVE_LOZOVYI_DUSHITEL_L20","lozovyi-dushitel","Враги/Враги Осквернённой чащи/лозовый душитель.png","","web/elyndor-web/src/assets/monsters/lozovyi-dushitel.webp"
"Monster","BLIGHTED_GROVE_PEPELNYI_NALIOTCHIK_L16","pepelnyi-naliotchik","Враги/Враги Пепельной границы и Топей Лунного Пепла/пепельный налётчик.png","","web/elyndor-web/src/assets/monsters/pepelnyi-naliotchik.webp"
"Monster","BLIGHTED_GROVE_PORCHENNYI_DREVEN_L19","porchennyi-dreven","Враги/Враги Осквернённой чащи/порченный древень.png","","web/elyndor-web/src/assets/monsters/porchennyi-dreven.webp"
"Monster","BLIGHTED_GROVE_PORCHENYI_VOLK_L15","porchenyi-volk","Враги/Враги Осквернённой чащи/порченый волк.png","","web/elyndor-web/src/assets/monsters/porchenyi-volk.webp"
"Monster","BLIGHTED_GROVE_SHIPASTYI_KHISHCHNIK_L18","shipastyi-khishchnik","Враги/Враги Осквернённой чащи/шипастый хищник.png","","web/elyndor-web/src/assets/monsters/shipastyi-khishchnik.webp"
"Monster","BLIGHTED_GROVE_ZARAZHIONNYI_OLEN_L18","zarazhionnyi-olen","Враги/Враги Осквернённой чащи/заражённый олень.png","","web/elyndor-web/src/assets/monsters/zarazhionnyi-olen.webp"
"Monster","DEEP_FOREST_GOBLIN_KAPKANSHCHIK_L10","goblin-kapkanshchik","Враги/Ранние враги открытого мира/гоблин-капканщик.png","","web/elyndor-web/src/assets/monsters/goblin-kapkanshchik.webp"
"Monster","FOREST_WOLF_L1","enemy-lesnoy-volk","Враги/Ранние враги открытого мира/лесной волк.png","","web/elyndor-web/src/assets/monsters/enemy-lesnoy-volk.webp"
"Monster","FOREST_WOLF_L4","enemy-lesnoy-volk","Враги/Ранние враги открытого мира/лесной волк.png","","web/elyndor-web/src/assets/monsters/enemy-lesnoy-volk.webp"
"Monster","GIANT_SPIDER_L3","enemy-gigantskiy-pauk","Враги/Ранние враги открытого мира/гигантский паук.png","","web/elyndor-web/src/assets/monsters/enemy-gigantskiy-pauk.webp"
"Monster","MOON_ASH_MARSHES_BOLOTNAIA_MAT_L26","bolotnaia-mat","Враги/Враги Пепельной границы и Топей Лунного Пепла/болотная мать.png","","web/elyndor-web/src/assets/monsters/bolotnaia-mat.webp"
"Monster","MOON_ASH_MARSHES_BOLOTNYI_POZHIRATEL_L24","bolotnyi-pozhiratel","Враги/Враги Пепельной границы и Топей Лунного Пепла/болотный пожиратель.png","","web/elyndor-web/src/assets/monsters/bolotnyi-pozhiratel.webp"
"Monster","MOON_ASH_MARSHES_LUNNOPEPELNYI_UTOPLENNIK_L25","lunnopepelnyi-utoplennik","Враги/Враги Пепельной границы и Топей Лунного Пепла/луннопепельный утопленник.png","","web/elyndor-web/src/assets/monsters/lunnopepelnyi-utoplennik.webp"
"Monster","MOON_ASH_MARSHES_PRIZRACHNYI_PALOMNIK_L26","enemy-prizrachnyy-palomnik","Враги/Враги Пепельной границы и Топей Лунного Пепла/призрачный паломник.png","","web/elyndor-web/src/assets/monsters/enemy-prizrachnyy-palomnik.webp"
"Monster","MOON_ASH_MARSHES_VEDMAK_TOPEI_L25","vedmak-topei","Враги/Враги Пепельной границы и Топей Лунного Пепла/ведьмак топей.png","","web/elyndor-web/src/assets/monsters/vedmak-topei.webp"
"Monster","OLD_ROAD_DOROZHNYI_MARODIOR_L14","dorozhnyi-marodior","Враги/Ранние враги открытого мира/дорожный мародёр.png","","web/elyndor-web/src/assets/monsters/dorozhnyi-marodior.webp"
"Monster","SHATTERED_LANDS_CHARODEI_RASKOLA_L31","enemy-charodey-raskola","Враги/Враги Земель Раскола и Цитадели Расколотого Ордена/чародей раскола.png","","web/elyndor-web/src/assets/monsters/enemy-charodey-raskola.webp"
"Monster","SHATTERED_LANDS_ISKAZHIONNYI_POSLUSHNIK_L31","iskazhionnyi-poslushnik","Враги/Враги Земель Раскола и Цитадели Расколотого Ордена/искажённый послушник.png","","web/elyndor-web/src/assets/monsters/iskazhionnyi-poslushnik.webp"
"Monster","SHATTERED_LANDS_KHRANITEL_RAZLOMA_L32","enemy-khranitel-razloma","Враги/Враги Земель Раскола и Цитадели Расколотого Ордена/хранитель разлома.png","","web/elyndor-web/src/assets/monsters/enemy-khranitel-razloma.webp"
"Monster","SHATTERED_LANDS_OSKOLOCHNYI_STRAZH_L30","enemy-oskolochnyy-strazh","Враги/Враги Земель Раскола и Цитадели Расколотого Ордена/осколочный страж.png","","web/elyndor-web/src/assets/monsters/enemy-oskolochnyy-strazh.webp"
"Monster","SHATTERED_LANDS_OTRAZHIONNYI_ZVER_L32","otrazhionnyi-zver","Враги/Враги Земель Раскола и Цитадели Расколотого Ордена/отражённый зверь.png","","web/elyndor-web/src/assets/monsters/otrazhionnyi-zver.webp"
"Monster","SHATTERED_LANDS_ZERKALNYI_CHASOVOI_L31","zerkalnyi-chasovoi","Враги/Враги Земель Раскола и Цитадели Расколотого Ордена/зеркальный часовой.png","","web/elyndor-web/src/assets/monsters/zerkalnyi-chasovoi.webp"
"Monster","SHATTERED_ORDER_CITADEL_CHARODEI_RASKOLA_L30","enemy-charodey-raskola","Враги/Враги Земель Раскола и Цитадели Расколотого Ордена/чародей раскола.png","","web/elyndor-web/src/assets/monsters/enemy-charodey-raskola.webp"
"Monster","SHATTERED_ORDER_CITADEL_ISKAZHIONNYI_POSLUSHNIK_L30","iskazhionnyi-poslushnik","Враги/Враги Земель Раскола и Цитадели Расколотого Ордена/искажённый послушник.png","","web/elyndor-web/src/assets/monsters/iskazhionnyi-poslushnik.webp"
"Monster","SHATTERED_ORDER_CITADEL_KHRANITEL_RAZLOMA_L30","enemy-khranitel-razloma","Враги/Враги Земель Раскола и Цитадели Расколотого Ордена/хранитель разлома.png","","web/elyndor-web/src/assets/monsters/enemy-khranitel-razloma.webp"
"Monster","SHATTERED_ORDER_CITADEL_MAGISTR_RAZBITOGO_ORDENA_L30","enemy-magistr-razbitogo-ordena","Враги/Враги Земель Раскола и Цитадели Расколотого Ордена/магистр разбитого ордена.png","","web/elyndor-web/src/assets/monsters/enemy-magistr-razbitogo-ordena.webp"
"Monster","SHATTERED_ORDER_CITADEL_OSKOLOCHNYI_STRAZH_L30","enemy-oskolochnyy-strazh","Враги/Враги Земель Раскола и Цитадели Расколотого Ордена/осколочный страж.png","","web/elyndor-web/src/assets/monsters/enemy-oskolochnyy-strazh.webp"
"Monster","SHATTERED_ORDER_CITADEL_OTRAZHIONNYI_ZVER_L30","otrazhionnyi-zver","Враги/Враги Земель Раскола и Цитадели Расколотого Ордена/отражённый зверь.png","","web/elyndor-web/src/assets/monsters/otrazhionnyi-zver.webp"
"Monster","SHATTERED_ORDER_CITADEL_RYTSAR_ZERKALNOGO_IADRA_L30","enemy-rytsar-zerkalnogo-yadra","Враги/Враги Земель Раскола и Цитадели Расколотого Ордена/рыцарь зеркального ядра.png","","web/elyndor-web/src/assets/monsters/enemy-rytsar-zerkalnogo-yadra.webp"
"Monster","SHATTERED_ORDER_CITADEL_ZERKALNYI_CHASOVOI_L30","zerkalnyi-chasovoi","Враги/Враги Земель Раскола и Цитадели Расколотого Ордена/зеркальный часовой.png","","web/elyndor-web/src/assets/monsters/zerkalnyi-chasovoi.webp"
"Monster","STONE_SPURS_MOLODOI_KAMNEGLOT_L16","molodoi-kamneglot","Враги/Ранние враги открытого мира/молодой камнеглот.png","","web/elyndor-web/src/assets/monsters/molodoi-kamneglot.webp"
"Monster","WHISPERING_FOREST_DIKII_KABAN_VOZHAK_L4","dikii-kaban-vozhak","Враги/Ранние враги открытого мира/дикий кабан-вожак.png","","web/elyndor-web/src/assets/monsters/dikii-kaban-vozhak.webp"
"Monster","WHISPERING_FOREST_GIGANTSKII_PAUK_L5","enemy-gigantskiy-pauk","Враги/Ранние враги открытого мира/гигантский паук.png","","web/elyndor-web/src/assets/monsters/enemy-gigantskiy-pauk.webp"
"Monster","WHISPERING_FOREST_IADOVITYI_PAUK_L3","iadovityi-pauk","Враги/Ранние враги открытого мира/ядовитый паук.png","","web/elyndor-web/src/assets/monsters/iadovityi-pauk.webp"
"Monster","WHISPERING_FOREST_KABAN_L4","enemy-kaban","Враги/Ранние враги открытого мира/кабан.png","","web/elyndor-web/src/assets/monsters/enemy-kaban.webp"
"Monster","WHISPERING_FOREST_LESNOI_RAZBOINIK_L5","enemy-lesnoy-razboynik","Враги/Ранние враги открытого мира/лесной разбойник.png","","web/elyndor-web/src/assets/monsters/enemy-lesnoy-razboynik.webp"
"Monster","WHISPERING_FOREST_LESNOI_VOLK_L3","enemy-lesnoy-volk","Враги/Ранние враги открытого мира/лесной волк.png","","web/elyndor-web/src/assets/monsters/enemy-lesnoy-volk.webp"
"Monster","WHISPERING_FOREST_MATIORYI_VOLK_L4","matioryi-volk","Враги/Ранние враги открытого мира/матёрый волк.png","","web/elyndor-web/src/assets/monsters/matioryi-volk.webp"
