id,priority,issue,resolution
APPRENTICE_CLOTH_ROBE,P1,Mage pool offers autoattack speed; no effect on cast/channel speed,Remove ATTACK_SPEED from shared Mage pools
APPRENTICE_STAFF,P1,Mage pool offers autoattack speed; no effect on cast/channel speed,Remove ATTACK_SPEED from shared Mage pools
APPRENTICE_WAND,P1,Mage pool offers autoattack speed; no effect on cast/channel speed,Remove ATTACK_SPEED from shared Mage pools
RANGER_FANG_CHARM,P1,Shared pool permits multiple competing primary stats or damage-type penetration,Exclusive primary and penetration groups; Paladin hybrid pools retain STR+INT
ACC_COMMON_2_AMULET,P1,Shared pool permits multiple competing primary stats or damage-type penetration,Exclusive primary and penetration groups; Paladin hybrid pools retain STR+INT
ACC_COMMON_2_CLOAK,P1,Shared pool permits multiple competing primary stats or damage-type penetration,Exclusive primary and penetration groups; Paladin hybrid pools retain STR+INT
ACC_COMMON_2_RING,P1,Shared pool permits multiple competing primary stats or damage-type penetration,Exclusive primary and penetration groups; Paladin hybrid pools retain STR+INT
MAGE_COMMON_BLUE_CANDLE_CHEST,P1,Mage pool offers autoattack speed; no effect on cast/channel speed,Remove ATTACK_SPEED from shared Mage pools
MAGE_COMMON_BLUE_CANDLE_FEET,P1,Mage pool offers autoattack speed; no effect on cast/channel speed,Remove ATTACK_SPEED from shared Mage pools
MAGE_COMMON_BLUE_CANDLE_FOCUS,P1,Mage pool offers autoattack speed; no effect on cast/channel speed,Remove ATTACK_SPEED from shared Mage pools
MAGE_COMMON_BLUE_CANDLE_HANDS,P1,Mage pool offers autoattack speed; no effect on cast/channel speed,Remove ATTACK_SPEED from shared Mage pools
MAGE_COMMON_BLUE_CANDLE_HEAD,P1,Mage pool offers autoattack speed; no effect on cast/channel speed,Remove ATTACK_SPEED from shared Mage pools
MAGE_COMMON_BLUE_CANDLE_LEGS,P1,Mage pool offers autoattack speed; no effect on cast/channel speed,Remove ATTACK_SPEED from shared Mage pools
MAGE_COMMON_BLUE_CANDLE_SHOULDERS,P1,Mage pool offers autoattack speed; no effect on cast/channel speed,Remove ATTACK_SPEED from shared Mage pools
MAGE_COMMON_BLUE_CANDLE_STAFF,P1,Mage pool offers autoattack speed; no effect on cast/channel speed,Remove ATTACK_SPEED from shared Mage pools
MAGE_COMMON_BLUE_CANDLE_WAND,P1,Mage pool offers autoattack speed; no effect on cast/channel speed,Remove ATTACK_SPEED from shared Mage pools
KLYK_MATIOROGO_VOZHAKA,P1,Shared pool permits multiple competing primary stats or damage-type penetration,Exclusive primary and penetration groups; Paladin hybrid pools retain STR+INT
PLASHCH_LESNOI_TROPY,P1,Shared pool permits multiple competing primary stats or damage-type penetration,Exclusive primary and penetration groups; Paladin hybrid pools retain STR+INT
PAUCHII_OBEREG,P1,Shared pool permits multiple competing primary stats or damage-type penetration,Exclusive primary and penetration groups; Paladin hybrid pools retain STR+INT
ACC_UNCOMMON_6_AMULET,P1,Shared pool permits multiple competing primary stats or damage-type penetration,Exclusive primary and penetration groups; Paladin hybrid pools retain STR+INT
ACC_UNCOMMON_6_CLOAK,P1,Shared pool permits multiple competing primary stats or damage-type penetration,Exclusive primary and penetration groups; Paladin hybrid pools retain STR+INT
ACC_UNCOMMON_6_RING,P1,Shared pool permits multiple competing primary stats or damage-type penetration,Exclusive primary and penetration groups; Paladin hybrid pools retain STR+INT
MAGE_UNCOMMON_FORGOTTEN_RUNES_CHEST,P1,Mage pool offers autoattack speed; no effect on cast/channel speed,Remove ATTACK_SPEED from shared Mage pools
MAGE_UNCOMMON_FORGOTTEN_RUNES_FEET,P1,Mage pool offers autoattack speed; no effect on cast/channel speed,Remove ATTACK_SPEED from shared Mage pools
MAGE_UNCOMMON_FORGOTTEN_RUNES_FOCUS,P1,Mage pool offers autoattack speed; no effect on cast/channel speed,Remove ATTACK_SPEED from shared Mage pools
MAGE_UNCOMMON_FORGOTTEN_RUNES_HANDS,P1,Mage pool offers autoattack speed; no effect on cast/channel speed,Remove ATTACK_SPEED from shared Mage pools
MAGE_UNCOMMON_FORGOTTEN_RUNES_HEAD,P1,Mage pool offers autoattack speed; no effect on cast/channel speed,Remove ATTACK_SPEED from shared Mage pools
MAGE_UNCOMMON_FORGOTTEN_RUNES_LEGS,P1,Mage pool offers autoattack speed; no effect on cast/channel speed,Remove ATTACK_SPEED from shared Mage pools
MAGE_UNCOMMON_FORGOTTEN_RUNES_SHOULDERS,P1,Mage pool offers autoattack speed; no effect on cast/channel speed,Remove ATTACK_SPEED from shared Mage pools
MAGE_UNCOMMON_FORGOTTEN_RUNES_STAFF,P1,Mage pool offers autoattack speed; no effect on cast/channel speed,Remove ATTACK_SPEED from shared Mage pools
MAGE_UNCOMMON_FORGOTTEN_RUNES_WAND,P1,Mage pool offers autoattack speed; no effect on cast/channel speed,Remove ATTACK_SPEED from shared Mage pools
PERCHATKI_TRAVNIKA,P1,Shared pool permits multiple competing primary stats or damage-type penetration,Exclusive primary and penetration groups; Paladin hybrid pools retain STR+INT
WARRIOR_UNCOMMON_IRON_WATCH_SHIELD,P0,COLLAPSED_RANGE:6:STAMINA,V2 budget envelope rounds upwards before stat-step flooring
DEEP_FOREST_CHARM,P1,Shared pool permits multiple competing primary stats or damage-type penetration,Exclusive primary and penetration groups; Paladin hybrid pools retain STR+INT
KOLTSO_KORNEVOI_ROSY,P1,Shared pool permits multiple competing primary stats or damage-type penetration,Exclusive primary and penetration groups; Paladin hybrid pools retain STR+INT
ACC_RARE_10_AMULET,P1,Shared pool permits multiple competing primary stats or damage-type penetration,Exclusive primary and penetration groups; Paladin hybrid pools retain STR+INT
ACC_RARE_10_CLOAK,P1,Shared pool permits multiple competing primary stats or damage-type penetration,Exclusive primary and penetration groups; Paladin hybrid pools retain STR+INT
ACC_RARE_10_RING,P1,Shared pool permits multiple competing primary stats or damage-type penetration,Exclusive primary and penetration groups; Paladin hybrid pools retain STR+INT
KAPIUSHON_CHASHCHOBY,P1,Mage pool offers autoattack speed; no effect on cast/channel speed,Remove ATTACK_SPEED from shared Mage pools
MAGE_RARE_THREE_ELEMENTS_CHEST,P1,Mage pool offers autoattack speed; no effect on cast/channel speed,Remove ATTACK_SPEED from shared Mage pools
MAGE_RARE_THREE_ELEMENTS_FEET,P1,Mage pool offers autoattack speed; no effect on cast/channel speed,Remove ATTACK_SPEED from shared Mage pools
MAGE_RARE_THREE_ELEMENTS_FOCUS,P1,Mage pool offers autoattack speed; no effect on cast/channel speed,Remove ATTACK_SPEED from shared Mage pools
MAGE_RARE_THREE_ELEMENTS_HANDS,P1,Mage pool offers autoattack speed; no effect on cast/channel speed,Remove ATTACK_SPEED from shared Mage pools
MAGE_RARE_THREE_ELEMENTS_HEAD,P1,Mage pool offers autoattack speed; no effect on cast/channel speed,Remove ATTACK_SPEED from shared Mage pools
MAGE_RARE_THREE_ELEMENTS_LEGS,P1,Mage pool offers autoattack speed; no effect on cast/channel speed,Remove ATTACK_SPEED from shared Mage pools
MAGE_RARE_THREE_ELEMENTS_SHOULDERS,P1,Mage pool offers autoattack speed; no effect on cast/channel speed,Remove ATTACK_SPEED from shared Mage pools
MAGE_RARE_THREE_ELEMENTS_STAFF,P1,Mage pool offers autoattack speed; no effect on cast/channel speed,Remove ATTACK_SPEED from shared Mage pools
MAGE_RARE_THREE_ELEMENTS_WAND,P1,Mage pool offers autoattack speed; no effect on cast/channel speed,Remove ATTACK_SPEED from shared Mage pools
PLASHCH_BRODIACHEGO_NAIOMNIKA,P1,Shared pool permits multiple competing primary stats or damage-type penetration,Exclusive primary and penetration groups; Paladin hybrid pools retain STR+INT
ACC_EPIC_14_AMULET,P1,Shared pool permits multiple competing primary stats or damage-type penetration,Exclusive primary and penetration groups; Paladin hybrid pools retain STR+INT
ACC_EPIC_14_CLOAK,P1,Shared pool permits multiple competing primary stats or damage-type penetration,Exclusive primary and penetration groups; Paladin hybrid pools retain STR+INT
ACC_EPIC_14_RING,P1,Shared pool permits multiple competing primary stats or damage-type penetration,Exclusive primary and penetration groups; Paladin hybrid pools retain STR+INT
BROODMOTHER_FANG_CHARM,P1,Shared pool permits multiple competing primary stats or damage-type penetration,Exclusive primary and penetration groups; Paladin hybrid pools retain STR+INT
DUNGEON_MINES_MAGE_HOOD_RARE,P1,Mage pool offers autoattack speed; no effect on cast/channel speed,Remove ATTACK_SPEED from shared Mage pools
KLINOK_PYLNOI_DOROGI,P1,Shared pool permits multiple competing primary stats or damage-type penetration,Exclusive primary and penetration groups; Paladin hybrid pools retain STR+INT
MAGE_EPIC_SHATTERED_STAR_CHEST,P1,Mage pool offers autoattack speed; no effect on cast/channel speed,Remove ATTACK_SPEED from shared Mage pools
MAGE_EPIC_SHATTERED_STAR_FEET,P1,Mage pool offers autoattack speed; no effect on cast/channel speed,Remove ATTACK_SPEED from shared Mage pools
MAGE_EPIC_SHATTERED_STAR_FOCUS,P1,Mage pool offers autoattack speed; no effect on cast/channel speed,Remove ATTACK_SPEED from shared Mage pools
MAGE_EPIC_SHATTERED_STAR_HANDS,P1,Mage pool offers autoattack speed; no effect on cast/channel speed,Remove ATTACK_SPEED from shared Mage pools
MAGE_EPIC_SHATTERED_STAR_HEAD,P1,Mage pool offers autoattack speed; no effect on cast/channel speed,Remove ATTACK_SPEED from shared Mage pools
MAGE_EPIC_SHATTERED_STAR_LEGS,P1,Mage pool offers autoattack speed; no effect on cast/channel speed,Remove ATTACK_SPEED from shared Mage pools
MAGE_EPIC_SHATTERED_STAR_SHOULDERS,P1,Mage pool offers autoattack speed; no effect on cast/channel speed,Remove ATTACK_SPEED from shared Mage pools
MAGE_EPIC_SHATTERED_STAR_STAFF,P1,Mage pool offers autoattack speed; no effect on cast/channel speed,Remove ATTACK_SPEED from shared Mage pools
MAGE_EPIC_SHATTERED_STAR_WAND,P1,Mage pool offers autoattack speed; no effect on cast/channel speed,Remove ATTACK_SPEED from shared Mage pools
BLIGHTED_GROVE_RING,P1,Shared pool permits multiple competing primary stats or damage-type penetration,Exclusive primary and penetration groups; Paladin hybrid pools retain STR+INT
DUNGEON_MINES_MAGE_BOOTS_EPIC,P1,Mage pool offers autoattack speed; no effect on cast/channel speed,Remove ATTACK_SPEED from shared Mage pools
RUNNYI_FONAR_SHTREKA,P1,Mage pool offers autoattack speed; no effect on cast/channel speed,Remove ATTACK_SPEED from shared Mage pools
DUNGEON_MINES_MAGE_LEGENDARY_STAFF,P1,Mage pool offers autoattack speed; no effect on cast/channel speed,Remove ATTACK_SPEED from shared Mage pools
DUNGEON_MINES_WARRIOR_LEGENDARY_SHIELD,P0,COLLAPSED_RANGE:16:STAMINA,V2 budget envelope rounds upwards before stat-step flooring
KIRASA_KAMNEGLOTA,P1,Shared pool permits multiple competing primary stats or damage-type penetration,Exclusive primary and penetration groups; Paladin hybrid pools retain STR+INT
MOLOT_KHOZIAINA_ZHIL,P1,Shared pool permits multiple competing primary stats or damage-type penetration,Exclusive primary and penetration groups; Paladin hybrid pools retain STR+INT
ACC_LEGENDARY_18_AMULET,P1,Shared pool permits multiple competing primary stats or damage-type penetration,Exclusive primary and penetration groups; Paladin hybrid pools retain STR+INT
ACC_LEGENDARY_18_CLOAK,P1,Shared pool permits multiple competing primary stats or damage-type penetration,Exclusive primary and penetration groups; Paladin hybrid pools retain STR+INT
ACC_LEGENDARY_18_RING,P1,Shared pool permits multiple competing primary stats or damage-type penetration,Exclusive primary and penetration groups; Paladin hybrid pools retain STR+INT
MAGE_LEGENDARY_SILENT_ARCHON_CHEST,P1,Mage pool offers autoattack speed; no effect on cast/channel speed,Remove ATTACK_SPEED from shared Mage pools
MAGE_LEGENDARY_SILENT_ARCHON_FEET,P1,Mage pool offers autoattack speed; no effect on cast/channel speed,Remove ATTACK_SPEED from shared Mage pools
MAGE_LEGENDARY_SILENT_ARCHON_FOCUS,P1,Mage pool offers autoattack speed; no effect on cast/channel speed,Remove ATTACK_SPEED from shared Mage pools
MAGE_LEGENDARY_SILENT_ARCHON_HANDS,P1,Mage pool offers autoattack speed; no effect on cast/channel speed,Remove ATTACK_SPEED from shared Mage pools
MAGE_LEGENDARY_SILENT_ARCHON_HEAD,P1,Mage pool offers autoattack speed; no effect on cast/channel speed,Remove ATTACK_SPEED from shared Mage pools
MAGE_LEGENDARY_SILENT_ARCHON_LEGS,P1,Mage pool offers autoattack speed; no effect on cast/channel speed,Remove ATTACK_SPEED from shared Mage pools
MAGE_LEGENDARY_SILENT_ARCHON_SHOULDERS,P1,Mage pool offers autoattack speed; no effect on cast/channel speed,Remove ATTACK_SPEED from shared Mage pools
MAGE_LEGENDARY_SILENT_ARCHON_STAFF,P1,Mage pool offers autoattack speed; no effect on cast/channel speed,Remove ATTACK_SPEED from shared Mage pools
MAGE_LEGENDARY_SILENT_ARCHON_WAND,P1,Mage pool offers autoattack speed; no effect on cast/channel speed,Remove ATTACK_SPEED from shared Mage pools
WARRIOR_LEGENDARY_FIRST_GUARD_SHIELD,P0,COLLAPSED_RANGE:18:STAMINA,V2 budget envelope rounds upwards before stat-step flooring
KADILO_OCHISHCHAIUSHCHEGO_PLAMENI,P1,Shared pool permits multiple competing primary stats or damage-type penetration,Exclusive primary and penetration groups; Paladin hybrid pools retain STR+INT
KIRASA_MATIOROGO_VOZHAKA,P1,Shared pool permits multiple competing primary stats or damage-type penetration,Exclusive primary and penetration groups; Paladin hybrid pools retain STR+INT
KRUSHITEL_KRIVOKORNIA,P1,Shared pool permits multiple competing primary stats or damage-type penetration,Exclusive primary and penetration groups; Paladin hybrid pools retain STR+INT
POSOKH_LESNOI_VEDMY,P1,Mage pool offers autoattack speed; no effect on cast/channel speed,Remove ATTACK_SPEED from shared Mage pools
SERDTSE_CHASHCHI,P1,Shared pool permits multiple competing primary stats or damage-type penetration,Exclusive primary and penetration groups; Paladin hybrid pools retain STR+INT
VENETS_IADOVITOI_MATRONY,P1,Mage pool offers autoattack speed; no effect on cast/channel speed,Remove ATTACK_SPEED from shared Mage pools
TLEIUSHCHII_FOKUS,P1,Mage pool offers autoattack speed; no effect on cast/channel speed,Remove ATTACK_SPEED from shared Mage pools
ACC_LEGENDARY_23_AMULET,P1,Shared pool permits multiple competing primary stats or damage-type penetration,Exclusive primary and penetration groups; Paladin hybrid pools retain STR+INT
ACC_LEGENDARY_23_CLOAK,P1,Shared pool permits multiple competing primary stats or damage-type penetration,Exclusive primary and penetration groups; Paladin hybrid pools retain STR+INT
ACC_LEGENDARY_23_RING,P1,Shared pool permits multiple competing primary stats or damage-type penetration,Exclusive primary and penetration groups; Paladin hybrid pools retain STR+INT
KOPIO_PALACHA_GRANITSY,P1,Shared pool permits multiple competing primary stats or damage-type penetration,Exclusive primary and penetration groups; Paladin hybrid pools retain STR+INT
MAGE_LEGENDARY_ECLIPSED_ORACLE_CHEST,P1,Mage pool offers autoattack speed; no effect on cast/channel speed,Remove ATTACK_SPEED from shared Mage pools
MAGE_LEGENDARY_ECLIPSED_ORACLE_FEET,P1,Mage pool offers autoattack speed; no effect on cast/channel speed,Remove ATTACK_SPEED from shared Mage pools
MAGE_LEGENDARY_ECLIPSED_ORACLE_FOCUS,P1,Mage pool offers autoattack speed; no effect on cast/channel speed,Remove ATTACK_SPEED from shared Mage pools
MAGE_LEGENDARY_ECLIPSED_ORACLE_HANDS,P1,Mage pool offers autoattack speed; no effect on cast/channel speed,Remove ATTACK_SPEED from shared Mage pools
MAGE_LEGENDARY_ECLIPSED_ORACLE_HEAD,P1,Mage pool offers autoattack speed; no effect on cast/channel speed,Remove ATTACK_SPEED from shared Mage pools
MAGE_LEGENDARY_ECLIPSED_ORACLE_LEGS,P1,Mage pool offers autoattack speed; no effect on cast/channel speed,Remove ATTACK_SPEED from shared Mage pools
MAGE_LEGENDARY_ECLIPSED_ORACLE_SHOULDERS,P1,Mage pool offers autoattack speed; no effect on cast/channel speed,Remove ATTACK_SPEED from shared Mage pools
MAGE_LEGENDARY_ECLIPSED_ORACLE_STAFF,P1,Mage pool offers autoattack speed; no effect on cast/channel speed,Remove ATTACK_SPEED from shared Mage pools
MAGE_LEGENDARY_ECLIPSED_ORACLE_WAND,P1,Mage pool offers autoattack speed; no effect on cast/channel speed,Remove ATTACK_SPEED from shared Mage pools
WARRIOR_LEGENDARY_BLACK_BASTION_SHIELD,P0,COLLAPSED_RANGE:22:STAMINA,V2 budget envelope rounds upwards before stat-step flooring
ZNAK_GLASHATAIA,P1,Shared pool permits multiple competing primary stats or damage-type penetration,Exclusive primary and penetration groups; Paladin hybrid pools retain STR+INT
FONAR_UTONUVSHEGO_PALOMNIKA,P1,Shared pool permits multiple competing primary stats or damage-type penetration,Exclusive primary and penetration groups; Paladin hybrid pools retain STR+INT
CHESHUICHATYI_PLASHCH_VASILISKA,P1,Shared pool permits multiple competing primary stats or damage-type penetration,Exclusive primary and penetration groups; Paladin hybrid pools retain STR+INT
OSKOLOCHNYI_ZHEZL,P1,Mage pool offers autoattack speed; no effect on cast/channel speed,Remove ATTACK_SPEED from shared Mage pools
KLINOK_PALACHA_ZATMENIIA,P1,Shared pool permits multiple competing primary stats or damage-type penetration,Exclusive primary and penetration groups; Paladin hybrid pools retain STR+INT
SHCHIT_CHASOVOGO_UMBRY,P1,Shared pool permits multiple competing primary stats or damage-type penetration,Exclusive primary and penetration groups; Paladin hybrid pools retain STR+INT
FOKUS_OSTATOCHNOI_MANY,P1,Mage pool offers autoattack speed; no effect on cast/channel speed,Remove ATTACK_SPEED from shared Mage pools
KOLTSO_RAZBITOGO_OTRAZHENIIA,P1,Shared pool permits multiple competing primary stats or damage-type penetration,Exclusive primary and penetration groups; Paladin hybrid pools retain STR+INT
LIK_POKHISHCHENNOI_DUSHI,P1,Shared pool permits multiple competing primary stats or damage-type penetration,Exclusive primary and penetration groups; Paladin hybrid pools retain STR+INT
PECHAT_TRIEDINSTVA,P1,Shared pool permits multiple competing primary stats or damage-type penetration,Exclusive primary and penetration groups; Paladin hybrid pools retain STR+INT
SFERA_POSLEDNEGO_REZERVA,P1,Shared pool permits multiple competing primary stats or damage-type penetration,Exclusive primary and penetration groups; Paladin hybrid pools retain STR+INT
ZERKALNYI_BASTARD,P1,Shared pool permits multiple competing primary stats or damage-type penetration,Exclusive primary and penetration groups; Paladin hybrid pools retain STR+INT
KLINOK_ZERKALNOGO_EKHA,P1,Shared pool permits multiple competing primary stats or damage-type penetration,Exclusive primary and penetration groups; Paladin hybrid pools retain STR+INT
POSOKH_SORVANNOGO_ZAKLIATIIA,P1,Mage pool offers autoattack speed; no effect on cast/channel speed,Remove ATTACK_SPEED from shared Mage pools
PECHAT_KHRANITELIA_RASKOLA,P1,Shared pool permits multiple competing primary stats or damage-type penetration,Exclusive primary and penetration groups; Paladin hybrid pools retain STR+INT
SFERA_CHIORNOGO_PLAMENI,P1,Mage pool offers autoattack speed; no effect on cast/channel speed,Remove ATTACK_SPEED from shared Mage pools
L35_MAGE_RARE_THREE_ELEMENTS_CHEST,P1,Mage pool offers autoattack speed; no effect on cast/channel speed,Remove ATTACK_SPEED from shared Mage pools
L35_MAGE_RARE_THREE_ELEMENTS_FEET,P1,Mage pool offers autoattack speed; no effect on cast/channel speed,Remove ATTACK_SPEED from shared Mage pools
L35_MAGE_RARE_THREE_ELEMENTS_HANDS,P1,Mage pool offers autoattack speed; no effect on cast/channel speed,Remove ATTACK_SPEED from shared Mage pools
L35_MAGE_RARE_THREE_ELEMENTS_HEAD,P1,Mage pool offers autoattack speed; no effect on cast/channel speed,Remove ATTACK_SPEED from shared Mage pools
L35_MAGE_RARE_THREE_ELEMENTS_LEGS,P1,Mage pool offers autoattack speed; no effect on cast/channel speed,Remove ATTACK_SPEED from shared Mage pools
L35_MAGE_RARE_THREE_ELEMENTS_SHOULDERS,P1,Mage pool offers autoattack speed; no effect on cast/channel speed,Remove ATTACK_SPEED from shared Mage pools
PLASHCH_KRYLATOGO_OKHOTNIKA,P1,Shared pool permits multiple competing primary stats or damage-type penetration,Exclusive primary and penetration groups; Paladin hybrid pools retain STR+INT
RUNNYI_NAGRUDNIK_PEREVALA,P1,Shared pool permits multiple competing primary stats or damage-type penetration,Exclusive primary and penetration groups; Paladin hybrid pools retain STR+INT
KORONA_CHUMNOGO_ZHRETSA,P1,Mage pool offers autoattack speed; no effect on cast/channel speed,Remove ATTACK_SPEED from shared Mage pools
KLINOK_PEPELNOGO_RYTSARIA,P1,Shared pool permits multiple competing primary stats or damage-type penetration,Exclusive primary and penetration groups; Paladin hybrid pools retain STR+INT
KOSTIANOI_KLINOK_MARSHALA,P1,Shared pool permits multiple competing primary stats or damage-type penetration,Exclusive primary and penetration groups; Paladin hybrid pools retain STR+INT
SOSUD_PLENIONNOI_DUSHI,P1,Shared pool permits multiple competing primary stats or damage-type penetration,Exclusive primary and penetration groups; Paladin hybrid pools retain STR+INT
FOKUS_CHIORNOI_ZVEZDY,P1,Mage pool offers autoattack speed; no effect on cast/channel speed,Remove ATTACK_SPEED from shared Mage pools
KADILO_INKVIZITORA,P1,Shared pool permits multiple competing primary stats or damage-type penetration,Exclusive primary and penetration groups; Paladin hybrid pools retain STR+INT
KLINOK_PERVOGO_STRAZHA,P1,Shared pool permits multiple competing primary stats or damage-type penetration,Exclusive primary and penetration groups; Paladin hybrid pools retain STR+INT
KLIUCH_KOMENDANTA,P1,Shared pool permits multiple competing primary stats or damage-type penetration,Exclusive primary and penetration groups; Paladin hybrid pools retain STR+INT
MOLOT_ARK_TORA,P1,Shared pool permits multiple competing primary stats or damage-type penetration,Exclusive primary and penetration groups; Paladin hybrid pools retain STR+INT
OSKOLOK_SERDTSA_BASTIONA,P1,Shared pool permits multiple competing primary stats or damage-type penetration,Exclusive primary and penetration groups; Paladin hybrid pools retain STR+INT
PECHAT_BEZMOLVNOGO_SUDA,P1,Shared pool permits multiple competing primary stats or damage-type penetration,Exclusive primary and penetration groups; Paladin hybrid pools retain STR+INT
PECHAT_PREDVESTNIKA,P1,Shared pool permits multiple competing primary stats or damage-type penetration,Exclusive primary and penetration groups; Paladin hybrid pools retain STR+INT
POSOKH_CHIORNOI_ZVEZDY,P1,Mage pool offers autoattack speed; no effect on cast/channel speed,Remove ATTACK_SPEED from shared Mage pools
RUNNOE_SERDTSE_KOLOSSA,P1,Shared pool permits multiple competing primary stats or damage-type penetration,Exclusive primary and penetration groups; Paladin hybrid pools retain STR+INT
SFERA_ZATMIONNOGO_ORAKULA,P1,Mage pool offers autoattack speed; no effect on cast/channel speed,Remove ATTACK_SPEED from shared Mage pools
ZNAMIA_PEPELNOGO_MARSHALA,P1,Shared pool permits multiple competing primary stats or damage-type penetration,Exclusive primary and penetration groups; Paladin hybrid pools retain STR+INT
L45_MAGE_EPIC_SHATTERED_STAR_CHEST,P1,Mage pool offers autoattack speed; no effect on cast/channel speed,Remove ATTACK_SPEED from shared Mage pools
L45_MAGE_EPIC_SHATTERED_STAR_FEET,P1,Mage pool offers autoattack speed; no effect on cast/channel speed,Remove ATTACK_SPEED from shared Mage pools
L45_MAGE_EPIC_SHATTERED_STAR_HANDS,P1,Mage pool offers autoattack speed; no effect on cast/channel speed,Remove ATTACK_SPEED from shared Mage pools
L45_MAGE_EPIC_SHATTERED_STAR_HEAD,P1,Mage pool offers autoattack speed; no effect on cast/channel speed,Remove ATTACK_SPEED from shared Mage pools
L45_MAGE_EPIC_SHATTERED_STAR_LEGS,P1,Mage pool offers autoattack speed; no effect on cast/channel speed,Remove ATTACK_SPEED from shared Mage pools
L45_MAGE_EPIC_SHATTERED_STAR_SHOULDERS,P1,Mage pool offers autoattack speed; no effect on cast/channel speed,Remove ATTACK_SPEED from shared Mage pools
L55_MAGE_LEGENDARY_ECLIPSED_ORACLE_CHEST,P1,Mage pool offers autoattack speed; no effect on cast/channel speed,Remove ATTACK_SPEED from shared Mage pools
L55_MAGE_LEGENDARY_ECLIPSED_ORACLE_FEET,P1,Mage pool offers autoattack speed; no effect on cast/channel speed,Remove ATTACK_SPEED from shared Mage pools
L55_MAGE_LEGENDARY_ECLIPSED_ORACLE_HANDS,P1,Mage pool offers autoattack speed; no effect on cast/channel speed,Remove ATTACK_SPEED from shared Mage pools
L55_MAGE_LEGENDARY_ECLIPSED_ORACLE_HEAD,P1,Mage pool offers autoattack speed; no effect on cast/channel speed,Remove ATTACK_SPEED from shared Mage pools
L55_MAGE_LEGENDARY_ECLIPSED_ORACLE_LEGS,P1,Mage pool offers autoattack speed; no effect on cast/channel speed,Remove ATTACK_SPEED from shared Mage pools
L55_MAGE_LEGENDARY_ECLIPSED_ORACLE_SHOULDERS,P1,Mage pool offers autoattack speed; no effect on cast/channel speed,Remove ATTACK_SPEED from shared Mage pools
FOKUS_OSTATOCHNOI_MANY_L60,P1,Mage pool offers autoattack speed; no effect on cast/channel speed,Remove ATTACK_SPEED from shared Mage pools
KOLTSO_RAZBITOGO_OTRAZHENIIA_L60,P1,Shared pool permits multiple competing primary stats or damage-type penetration,Exclusive primary and penetration groups; Paladin hybrid pools retain STR+INT
L60_NORMAL_MAGE_AMULET,P1,Mage pool offers autoattack speed; no effect on cast/channel speed,Remove ATTACK_SPEED from shared Mage pools
L60_NORMAL_MAGE_ARCANE_AMULET,P1,Mage pool offers autoattack speed; no effect on cast/channel speed,Remove ATTACK_SPEED from shared Mage pools
L60_NORMAL_MAGE_ARCANE_CHEST,P1,Mage pool offers autoattack speed; no effect on cast/channel speed,Remove ATTACK_SPEED from shared Mage pools
L60_NORMAL_MAGE_ARCANE_FEET,P1,Mage pool offers autoattack speed; no effect on cast/channel speed,Remove ATTACK_SPEED from shared Mage pools
L60_NORMAL_MAGE_ARCANE_HANDS,P1,Mage pool offers autoattack speed; no effect on cast/channel speed,Remove ATTACK_SPEED from shared Mage pools
L60_NORMAL_MAGE_ARCANE_HEAD,P1,Mage pool offers autoattack speed; no effect on cast/channel speed,Remove ATTACK_SPEED from shared Mage pools
L60_NORMAL_MAGE_ARCANE_LEGS,P1,Mage pool offers autoattack speed; no effect on cast/channel speed,Remove ATTACK_SPEED from shared Mage pools
L60_NORMAL_MAGE_ARCANE_RING,P1,Mage pool offers autoattack speed; no effect on cast/channel speed,Remove ATTACK_SPEED from shared Mage pools
L60_NORMAL_MAGE_ARCANE_SHOULDERS,P1,Mage pool offers autoattack speed; no effect on cast/channel speed,Remove ATTACK_SPEED from shared Mage pools
L60_NORMAL_MAGE_ARCANE_WEAPON,P1,Mage pool offers autoattack speed; no effect on cast/channel speed,Remove ATTACK_SPEED from shared Mage pools
L60_NORMAL_MAGE_CLOAK,P1,Mage pool offers autoattack speed; no effect on cast/channel speed,Remove ATTACK_SPEED from shared Mage pools
L60_NORMAL_MAGE_FIRE_AMULET,P1,Mage pool offers autoattack speed; no effect on cast/channel speed,Remove ATTACK_SPEED from shared Mage pools
L60_NORMAL_MAGE_FIRE_CHEST,P1,Mage pool offers autoattack speed; no effect on cast/channel speed,Remove ATTACK_SPEED from shared Mage pools
L60_NORMAL_MAGE_FIRE_FEET,P1,Mage pool offers autoattack speed; no effect on cast/channel speed,Remove ATTACK_SPEED from shared Mage pools
L60_NORMAL_MAGE_FIRE_HANDS,P1,Mage pool offers autoattack speed; no effect on cast/channel speed,Remove ATTACK_SPEED from shared Mage pools
L60_NORMAL_MAGE_FIRE_HEAD,P1,Mage pool offers autoattack speed; no effect on cast/channel speed,Remove ATTACK_SPEED from shared Mage pools
L60_NORMAL_MAGE_FIRE_LEGS,P1,Mage pool offers autoattack speed; no effect on cast/channel speed,Remove ATTACK_SPEED from shared Mage pools
L60_NORMAL_MAGE_FIRE_RING,P1,Mage pool offers autoattack speed; no effect on cast/channel speed,Remove ATTACK_SPEED from shared Mage pools
L60_NORMAL_MAGE_FIRE_SHOULDERS,P1,Mage pool offers autoattack speed; no effect on cast/channel speed,Remove ATTACK_SPEED from shared Mage pools
L60_NORMAL_MAGE_FIRE_WEAPON,P1,Mage pool offers autoattack speed; no effect on cast/channel speed,Remove ATTACK_SPEED from shared Mage pools
L60_NORMAL_MAGE_FOCUS,P1,Mage pool offers autoattack speed; no effect on cast/channel speed,Remove ATTACK_SPEED from shared Mage pools
L60_NORMAL_MAGE_FROST_AMULET,P1,Mage pool offers autoattack speed; no effect on cast/channel speed,Remove ATTACK_SPEED from shared Mage pools
L60_NORMAL_MAGE_FROST_CHEST,P1,Mage pool offers autoattack speed; no effect on cast/channel speed,Remove ATTACK_SPEED from shared Mage pools
L60_NORMAL_MAGE_FROST_FEET,P1,Mage pool offers autoattack speed; no effect on cast/channel speed,Remove ATTACK_SPEED from shared Mage pools
L60_NORMAL_MAGE_FROST_HANDS,P1,Mage pool offers autoattack speed; no effect on cast/channel speed,Remove ATTACK_SPEED from shared Mage pools
L60_NORMAL_MAGE_FROST_HEAD,P1,Mage pool offers autoattack speed; no effect on cast/channel speed,Remove ATTACK_SPEED from shared Mage pools
L60_NORMAL_MAGE_FROST_LEGS,P1,Mage pool offers autoattack speed; no effect on cast/channel speed,Remove ATTACK_SPEED from shared Mage pools
L60_NORMAL_MAGE_FROST_RING,P1,Mage pool offers autoattack speed; no effect on cast/channel speed,Remove ATTACK_SPEED from shared Mage pools
L60_NORMAL_MAGE_FROST_SHOULDERS,P1,Mage pool offers autoattack speed; no effect on cast/channel speed,Remove ATTACK_SPEED from shared Mage pools
L60_NORMAL_MAGE_FROST_WEAPON,P1,Mage pool offers autoattack speed; no effect on cast/channel speed,Remove ATTACK_SPEED from shared Mage pools
L60_NORMAL_MAGE_RING,P1,Mage pool offers autoattack speed; no effect on cast/channel speed,Remove ATTACK_SPEED from shared Mage pools
L60_NORMAL_PALADIN_HOLY_AMULET,P1,Holy healing role has physical/attack-only affixes,PALADIN_HOLY shared healing pool
L60_NORMAL_PALADIN_HOLY_CHEST,P1,Holy healing role has physical/attack-only affixes,PALADIN_HOLY shared healing pool
L60_NORMAL_PALADIN_HOLY_FEET,P1,Holy healing role has physical/attack-only affixes,PALADIN_HOLY shared healing pool
L60_NORMAL_PALADIN_HOLY_HANDS,P1,Holy healing role has physical/attack-only affixes,PALADIN_HOLY shared healing pool
L60_NORMAL_PALADIN_HOLY_HEAD,P1,Holy healing role has physical/attack-only affixes,PALADIN_HOLY shared healing pool
L60_NORMAL_PALADIN_HOLY_LEGS,P1,Holy healing role has physical/attack-only affixes,PALADIN_HOLY shared healing pool
L60_NORMAL_PALADIN_HOLY_RING,P1,Holy healing role has physical/attack-only affixes,PALADIN_HOLY shared healing pool
L60_NORMAL_PALADIN_HOLY_SHOULDERS,P1,Holy healing role has physical/attack-only affixes,PALADIN_HOLY shared healing pool
L60_NORMAL_PALADIN_HOLY_WEAPON,P1,Holy healing role has physical/attack-only affixes,PALADIN_HOLY shared healing pool
L60_PVE_T1_MAGE_ARCANE_AMULET,P1,Mage pool offers autoattack speed; no effect on cast/channel speed,Remove ATTACK_SPEED from shared Mage pools
L60_PVE_T1_MAGE_ARCANE_CHEST,P1,Mage pool offers autoattack speed; no effect on cast/channel speed,Remove ATTACK_SPEED from shared Mage pools
L60_PVE_T1_MAGE_ARCANE_FEET,P1,Mage pool offers autoattack speed; no effect on cast/channel speed,Remove ATTACK_SPEED from shared Mage pools
L60_PVE_T1_MAGE_ARCANE_HANDS,P1,Mage pool offers autoattack speed; no effect on cast/channel speed,Remove ATTACK_SPEED from shared Mage pools
L60_PVE_T1_MAGE_ARCANE_HEAD,P1,Mage pool offers autoattack speed; no effect on cast/channel speed,Remove ATTACK_SPEED from shared Mage pools
L60_PVE_T1_MAGE_ARCANE_LEGS,P1,Mage pool offers autoattack speed; no effect on cast/channel speed,Remove ATTACK_SPEED from shared Mage pools
L60_PVE_T1_MAGE_ARCANE_RING,P1,Mage pool offers autoattack speed; no effect on cast/channel speed,Remove ATTACK_SPEED from shared Mage pools
L60_PVE_T1_MAGE_ARCANE_SHOULDERS,P1,Mage pool offers autoattack speed; no effect on cast/channel speed,Remove ATTACK_SPEED from shared Mage pools
L60_PVE_T1_MAGE_FIRE_AMULET,P1,Mage pool offers autoattack speed; no effect on cast/channel speed,Remove ATTACK_SPEED from shared Mage pools
L60_PVE_T1_MAGE_FIRE_CHEST,P1,Mage pool offers autoattack speed; no effect on cast/channel speed,Remove ATTACK_SPEED from shared Mage pools
L60_PVE_T1_MAGE_FIRE_FEET,P1,Mage pool offers autoattack speed; no effect on cast/channel speed,Remove ATTACK_SPEED from shared Mage pools
L60_PVE_T1_MAGE_FIRE_HANDS,P1,Mage pool offers autoattack speed; no effect on cast/channel speed,Remove ATTACK_SPEED from shared Mage pools
L60_PVE_T1_MAGE_FIRE_HEAD,P1,Mage pool offers autoattack speed; no effect on cast/channel speed,Remove ATTACK_SPEED from shared Mage pools
L60_PVE_T1_MAGE_FIRE_LEGS,P1,Mage pool offers autoattack speed; no effect on cast/channel speed,Remove ATTACK_SPEED from shared Mage pools
L60_PVE_T1_MAGE_FIRE_RING,P1,Mage pool offers autoattack speed; no effect on cast/channel speed,Remove ATTACK_SPEED from shared Mage pools
L60_PVE_T1_MAGE_FIRE_SHOULDERS,P1,Mage pool offers autoattack speed; no effect on cast/channel speed,Remove ATTACK_SPEED from shared Mage pools
L60_PVE_T1_MAGE_FROST_AMULET,P1,Mage pool offers autoattack speed; no effect on cast/channel speed,Remove ATTACK_SPEED from shared Mage pools
L60_PVE_T1_MAGE_FROST_CHEST,P1,Mage pool offers autoattack speed; no effect on cast/channel speed,Remove ATTACK_SPEED from shared Mage pools
L60_PVE_T1_MAGE_FROST_FEET,P1,Mage pool offers autoattack speed; no effect on cast/channel speed,Remove ATTACK_SPEED from shared Mage pools
L60_PVE_T1_MAGE_FROST_HANDS,P1,Mage pool offers autoattack speed; no effect on cast/channel speed,Remove ATTACK_SPEED from shared Mage pools
L60_PVE_T1_MAGE_FROST_HEAD,P1,Mage pool offers autoattack speed; no effect on cast/channel speed,Remove ATTACK_SPEED from shared Mage pools
L60_PVE_T1_MAGE_FROST_LEGS,P1,Mage pool offers autoattack speed; no effect on cast/channel speed,Remove ATTACK_SPEED from shared Mage pools
L60_PVE_T1_MAGE_FROST_RING,P1,Mage pool offers autoattack speed; no effect on cast/channel speed,Remove ATTACK_SPEED from shared Mage pools
L60_PVE_T1_MAGE_FROST_SHOULDERS,P1,Mage pool offers autoattack speed; no effect on cast/channel speed,Remove ATTACK_SPEED from shared Mage pools
L60_PVE_T1_PALADIN_HOLY_AMULET,P1,Holy healing role has physical/attack-only affixes,PALADIN_HOLY shared healing pool
L60_PVE_T1_PALADIN_HOLY_CHEST,P1,Holy healing role has physical/attack-only affixes,PALADIN_HOLY shared healing pool
L60_PVE_T1_PALADIN_HOLY_FEET,P1,Holy healing role has physical/attack-only affixes,PALADIN_HOLY shared healing pool
L60_PVE_T1_PALADIN_HOLY_HANDS,P1,Holy healing role has physical/attack-only affixes,PALADIN_HOLY shared healing pool
L60_PVE_T1_PALADIN_HOLY_HEAD,P1,Holy healing role has physical/attack-only affixes,PALADIN_HOLY shared healing pool
L60_PVE_T1_PALADIN_HOLY_LEGS,P1,Holy healing role has physical/attack-only affixes,PALADIN_HOLY shared healing pool
L60_PVE_T1_PALADIN_HOLY_RING,P1,Holy healing role has physical/attack-only affixes,PALADIN_HOLY shared healing pool
L60_PVE_T1_PALADIN_HOLY_SHOULDERS,P1,Holy healing role has physical/attack-only affixes,PALADIN_HOLY shared healing pool
L60_PVP_T1_MAGE_ARCANE_AMULET,P1,Mage pool offers autoattack speed; no effect on cast/channel speed,Remove ATTACK_SPEED from shared Mage pools
L60_PVP_T1_MAGE_ARCANE_CHEST,P1,Mage pool offers autoattack speed; no effect on cast/channel speed,Remove ATTACK_SPEED from shared Mage pools
L60_PVP_T1_MAGE_ARCANE_FEET,P1,Mage pool offers autoattack speed; no effect on cast/channel speed,Remove ATTACK_SPEED from shared Mage pools
L60_PVP_T1_MAGE_ARCANE_HANDS,P1,Mage pool offers autoattack speed; no effect on cast/channel speed,Remove ATTACK_SPEED from shared Mage pools
L60_PVP_T1_MAGE_ARCANE_HEAD,P1,Mage pool offers autoattack speed; no effect on cast/channel speed,Remove ATTACK_SPEED from shared Mage pools
L60_PVP_T1_MAGE_ARCANE_LEGS,P1,Mage pool offers autoattack speed; no effect on cast/channel speed,Remove ATTACK_SPEED from shared Mage pools
L60_PVP_T1_MAGE_ARCANE_RING,P1,Mage pool offers autoattack speed; no effect on cast/channel speed,Remove ATTACK_SPEED from shared Mage pools
L60_PVP_T1_MAGE_ARCANE_SHOULDERS,P1,Mage pool offers autoattack speed; no effect on cast/channel speed,Remove ATTACK_SPEED from shared Mage pools
L60_PVP_T1_MAGE_FIRE_AMULET,P1,Mage pool offers autoattack speed; no effect on cast/channel speed,Remove ATTACK_SPEED from shared Mage pools
L60_PVP_T1_MAGE_FIRE_CHEST,P1,Mage pool offers autoattack speed; no effect on cast/channel speed,Remove ATTACK_SPEED from shared Mage pools
L60_PVP_T1_MAGE_FIRE_FEET,P1,Mage pool offers autoattack speed; no effect on cast/channel speed,Remove ATTACK_SPEED from shared Mage pools
L60_PVP_T1_MAGE_FIRE_HANDS,P1,Mage pool offers autoattack speed; no effect on cast/channel speed,Remove ATTACK_SPEED from shared Mage pools
L60_PVP_T1_MAGE_FIRE_HEAD,P1,Mage pool offers autoattack speed; no effect on cast/channel speed,Remove ATTACK_SPEED from shared Mage pools
L60_PVP_T1_MAGE_FIRE_LEGS,P1,Mage pool offers autoattack speed; no effect on cast/channel speed,Remove ATTACK_SPEED from shared Mage pools
L60_PVP_T1_MAGE_FIRE_RING,P1,Mage pool offers autoattack speed; no effect on cast/channel speed,Remove ATTACK_SPEED from shared Mage pools
L60_PVP_T1_MAGE_FIRE_SHOULDERS,P1,Mage pool offers autoattack speed; no effect on cast/channel speed,Remove ATTACK_SPEED from shared Mage pools
L60_PVP_T1_MAGE_FROST_AMULET,P1,Mage pool offers autoattack speed; no effect on cast/channel speed,Remove ATTACK_SPEED from shared Mage pools
L60_PVP_T1_MAGE_FROST_CHEST,P1,Mage pool offers autoattack speed; no effect on cast/channel speed,Remove ATTACK_SPEED from shared Mage pools
L60_PVP_T1_MAGE_FROST_FEET,P1,Mage pool offers autoattack speed; no effect on cast/channel speed,Remove ATTACK_SPEED from shared Mage pools
L60_PVP_T1_MAGE_FROST_HANDS,P1,Mage pool offers autoattack speed; no effect on cast/channel speed,Remove ATTACK_SPEED from shared Mage pools
L60_PVP_T1_MAGE_FROST_HEAD,P1,Mage pool offers autoattack speed; no effect on cast/channel speed,Remove ATTACK_SPEED from shared Mage pools
L60_PVP_T1_MAGE_FROST_LEGS,P1,Mage pool offers autoattack speed; no effect on cast/channel speed,Remove ATTACK_SPEED from shared Mage pools
L60_PVP_T1_MAGE_FROST_RING,P1,Mage pool offers autoattack speed; no effect on cast/channel speed,Remove ATTACK_SPEED from shared Mage pools
L60_PVP_T1_MAGE_FROST_SHOULDERS,P1,Mage pool offers autoattack speed; no effect on cast/channel speed,Remove ATTACK_SPEED from shared Mage pools
L60_PVP_T1_PALADIN_HOLY_AMULET,P1,Holy healing role has physical/attack-only affixes,PALADIN_HOLY shared healing pool
L60_PVP_T1_PALADIN_HOLY_CHEST,P1,Holy healing role has physical/attack-only affixes,PALADIN_HOLY shared healing pool
L60_PVP_T1_PALADIN_HOLY_FEET,P1,Holy healing role has physical/attack-only affixes,PALADIN_HOLY shared healing pool
L60_PVP_T1_PALADIN_HOLY_HANDS,P1,Holy healing role has physical/attack-only affixes,PALADIN_HOLY shared healing pool
L60_PVP_T1_PALADIN_HOLY_HEAD,P1,Holy healing role has physical/attack-only affixes,PALADIN_HOLY shared healing pool
L60_PVP_T1_PALADIN_HOLY_LEGS,P1,Holy healing role has physical/attack-only affixes,PALADIN_HOLY shared healing pool
L60_PVP_T1_PALADIN_HOLY_RING,P1,Holy healing role has physical/attack-only affixes,PALADIN_HOLY shared healing pool
L60_PVP_T1_PALADIN_HOLY_SHOULDERS,P1,Holy healing role has physical/attack-only affixes,PALADIN_HOLY shared healing pool
PECHAT_TRIEDINSTVA_L60,P1,Shared pool permits multiple competing primary stats or damage-type penetration,Exclusive primary and penetration groups; Paladin hybrid pools retain STR+INT
UNIQUE_L60_MAGE_ARCANE_CLOAK,P1,Mage pool offers autoattack speed; no effect on cast/channel speed,Remove ATTACK_SPEED from shared Mage pools
UNIQUE_L60_MAGE_ARCANE_RING,P1,Mage pool offers autoattack speed; no effect on cast/channel speed,Remove ATTACK_SPEED from shared Mage pools
UNIQUE_L60_MAGE_FIRE_CLOAK,P1,Mage pool offers autoattack speed; no effect on cast/channel speed,Remove ATTACK_SPEED from shared Mage pools
UNIQUE_L60_MAGE_FIRE_RING,P1,Mage pool offers autoattack speed; no effect on cast/channel speed,Remove ATTACK_SPEED from shared Mage pools
UNIQUE_L60_MAGE_FIRE_WEAPON,P1,Mage pool offers autoattack speed; no effect on cast/channel speed,Remove ATTACK_SPEED from shared Mage pools
UNIQUE_L60_MAGE_FROST_CLOAK,P1,Mage pool offers autoattack speed; no effect on cast/channel speed,Remove ATTACK_SPEED from shared Mage pools
UNIQUE_L60_MAGE_FROST_RING,P1,Mage pool offers autoattack speed; no effect on cast/channel speed,Remove ATTACK_SPEED from shared Mage pools
UNIQUE_L60_MAGE_FROST_WEAPON,P1,Mage pool offers autoattack speed; no effect on cast/channel speed,Remove ATTACK_SPEED from shared Mage pools
UNIQUE_L60_PALADIN_HOLY_CLOAK,P1,Holy healing role has physical/attack-only affixes,PALADIN_HOLY shared healing pool
UNIQUE_L60_PALADIN_HOLY_RING,P1,Holy healing role has physical/attack-only affixes,PALADIN_HOLY shared healing pool
UNIQUE_L60_PALADIN_HOLY_WEAPON,P1,Holy healing role has physical/attack-only affixes,PALADIN_HOLY shared healing pool
UNIQUE_MAGE_EYE_OF_DEAD_STAR,P1,Mage pool offers autoattack speed; no effect on cast/channel speed,Remove ATTACK_SPEED from shared Mage pools
