level,branch,maxMana,firstUnaffordableSpellSeconds,casts
10,FIRE,848,64.0,40
10,ARCANE,848,64.5,43
10,FROST,848,66.0,44
18,FIRE,1385,82.3,52
18,ARCANE,1592.75,85.5,57
18,FROST,1385,84.0,56
20,FIRE,2079.4557,107.6,68
20,ARCANE,2391.374055,152.0,38
20,FROST,2079.4557,114.0,76
30,FIRE,2652,105.2,67
30,ARCANE,3049.8,108.0,27
30,FROST,2652,111.0,74
35,FIRE,2967,117.8,75
35,ARCANE,3412.05,124.0,31
35,FROST,2967,121.5,81
40,FIRE,3198,116.2,74
40,ARCANE,3677.7,144.0,36
40,FROST,3198,118.5,79
55,FIRE,3840,122.1,78
55,ARCANE,4723.2,156.0,39
55,FROST,3840,145.5,97
60,FIRE,6108.0921,157.7,101
60,ARCANE,7512.953283,196.0,49
60,FROST,6108.0921,177.0,118
